Ch1,Ch2,Cluster_1_2,droplet
563.3165,1407.80066,0,1
3941.12622,1206.688,10,2
515.8144,1250.48108,0,3
3916.50732,1526.92139,10,4
559.8436,4118.51563,1,5
3381.12378,1483.15759,10,6
488.0293,1164.28674,0,7
3074.5647,1311.57,10,8
427.8886,1266.42444,0,9
3464.995,1379.67126,10,10
477.716553,1103.11511,0,11
559.841553,1439.11,0,12
3320.085,1206.54248,10,13
489.0831,1004.4278,0,14
482.1567,1139.69458,0,15
3492.84229,1114.29248,10,16
457.60257,1167.65637,0,17
524.0257,1412.68665,0,18
462.163116,1035.396,0,19
500.883575,1283.41333,0,20
492.755524,1230.4801,0,21
460.4251,1115.24146,0,22
497.593262,1073.85571,0,23
463.117767,4191.44,1,24
498.442383,5139.595,1,25
3363.34814,4169.40234,11,26
4068.82373,1373.93,10,27
711.316833,1220.73291,0,28
3603.08862,4479.698,11,29
413.819641,940.0324,0,30
632.238037,1318.90369,0,31
473.808319,1011.287,0,32
439.281342,877.573669,0,33
4410.75146,1340.93762,10,34
462.061371,4467.785,1,35
504.2409,1116.63477,0,36
459.2278,1245.602,0,37
3758.05762,1178.15637,10,38
556.4796,1197.57214,0,39
568.222656,1166.38757,0,40
645.1784,1342.62878,0,41
3544.99658,1090.48511,10,42
577.522,1108.1593,0,43
412.271759,3875.01587,1,44
492.008728,1020.67,0,45
631.2947,1578.4,0,46
585.110657,1154.11584,0,47
3917.0625,4668.41162,11,48
459.578766,904.6475,0,49
4251.93164,1439.15381,10,50
4093.69922,1387.91724,10,51
539.0327,1220.3053,0,52
506.8376,1099.42249,0,53
513.664063,1156.68689,0,54
579.115845,1103.40833,0,55
529.9239,1207.05518,0,56
515.0279,1142.67834,0,57
4058.2644,4750.238,11,58
546.7076,1340.0592,0,59
595.960144,1268.37622,0,60
534.9385,1346.43982,0,61
3576.27466,1105.71448,10,62
553.170349,1426.60669,0,63
3633.69653,1218.20325,10,64
527.9842,1265.37524,0,65
444.379,1122.59961,0,66
480.849731,1018.21228,0,67
515.8363,1103.96533,0,68
580.9996,1250.7666,0,69
601.866,1340.75012,0,70
609.4666,3963.60034,1,71
3582.4043,927.5918,10,72
2770.8103,953.848,10,73
524.8254,1118.02527,0,74
3792.59351,1318.27344,10,75
603.6453,1451.66272,0,76
629.446533,1343.54382,0,77
2895.45264,963.797852,10,78
3988.26147,1250.052,10,79
490.757843,4275.153,1,80
487.179474,1067.84521,0,81
3984.6792,1259.32458,10,82
628.0504,1425.81775,0,83
525.840759,4097.047,1,84
556.5329,4574.621,1,85
583.7234,1193.85474,0,86
558.714539,1074.03918,0,87
551.790833,1028.56189,0,88
3486.99438,3968.89673,11,89
2820.33716,1114.544,10,90
503.0401,1111.6073,0,91
530.262268,1297.87952,0,92
483.187683,1080.36584,0,93
3964.54834,1158.42432,10,94
586.3549,1183.471,0,95
599.0424,1253.21375,0,96
530.713745,935.878845,0,97
492.42746,1099.60059,0,98
4086.81738,1317.83923,10,99
506.346039,1079.265,0,100
504.809845,1076.07043,0,101
492.618164,1092.73755,0,102
3558.37,1260.79041,10,103
455.224823,3744.13062,1,104
2893.845,919.372559,10,105
570.1331,1158.14526,0,106
514.885559,1142.37512,0,107
364.1946,3313.98364,1,108
625.4996,1310.97192,0,109
3789.527,4243.78467,11,110
509.440735,1248.35913,0,111
634.742065,1522.68494,0,112
580.8369,1106.37158,0,113
2821.39014,915.9935,10,114
4322.123,1533.89856,10,115
596.874451,1453.22583,0,116
3529.247,1045.58154,10,117
639.52594,1209.13184,0,118
637.4177,1405.90637,0,119
463.280029,957.4834,0,120
3598.96875,1192.05444,10,121
490.109955,1227.17761,0,122
372.2404,890.7289,0,123
578.924438,1355.91418,0,124
527.0828,1032.47375,0,125
566.11145,1033.97546,0,126
514.965759,1177.14148,0,127
3692.58887,1294.29541,10,128
4390.671,5555.697,11,129
3719.84033,1090.4054,10,130
487.421234,1166.71277,0,131
616.3624,1358.46448,0,132
586.1076,950.907654,0,133
3237.83813,3792.97876,11,134
585.3993,1216.45947,0,135
613.470154,1409.47534,0,136
610.927368,1429.85461,0,137
559.743469,1264.29248,0,138
641.192,1391.82227,0,139
512.2353,1317.12085,0,140
495.614624,1108.98291,0,141
516.001038,1109.80908,0,142
598.9604,1117.67737,0,143
3705.22583,1216.88611,10,144
592.6752,4624.96,1,145
505.562683,4391.487,1,146
612.236755,1254.87988,0,147
467.6127,986.092,0,148
418.977539,4293.10938,1,149
373.6031,941.3848,0,150
465.49353,1111.075,0,151
3987.89429,1490.36157,10,152
511.497681,1172.49988,0,153
638.2737,1405.12146,0,154
628.992,1357.11951,0,155
465.6518,3884.38647,1,156
479.421722,4148.973,1,157
3839.67725,4654.46875,11,158
576.577454,1275.14917,0,159
3651.534,1393.52527,10,160
3501.65,1304.05664,10,161
557.9108,1292.70886,0,162
3817.95947,1056.07043,10,163
3613.02173,1148.00549,10,164
4015.20972,1198.02429,10,165
3815.17944,4435.666,11,166
613.7263,1307.96094,0,167
3990.65845,4769.325,11,168
4323.78027,1451.39307,10,169
685.060059,1140.20874,0,170
3708.42578,1125.59033,10,171
395.05304,3988.16064,1,172
529.00354,1213.36646,0,173
4151.83447,1656.09851,10,174
494.6212,1264.2926,0,175
4091.00171,1417.9325,10,176
589.326,1169.386,0,177
4530.94043,1498.85,10,178
521.4737,1201.85071,0,179
4356.02637,1466.46606,10,180
485.4416,1124.94983,0,181
512.6066,1235.51379,0,182
526.74585,1040.07971,0,183
3681.29883,1287.08875,10,184
484.573975,1035.71887,0,185
4057.74536,1274.04688,10,186
453.8518,4113.78955,1,187
4044.038,1250.45544,10,188
3715.81348,1081.63208,10,189
608.817932,1223.72107,0,190
452.405426,1275.89612,0,191
4067.30762,4341.045,11,192
549.2,1114.19275,0,193
3996.965,1240.79651,10,194
428.639526,1010.42023,0,195
470.889648,1230.77576,0,196
3618.90552,1055.27393,10,197
586.799561,1156.26343,0,198
3499.24683,1175.83032,10,199
558.378967,1410.42163,0,200
547.423645,1286.27783,0,201
492.33847,3896.26587,1,202
4340.289,1343.68835,10,203
3999.61523,1419.5,10,204
479.61615,1134.08276,0,205
631.7093,1429.16248,0,206
476.3524,4495.55273,1,207
3835.26465,1066.60388,10,208
501.268921,1126.90967,0,209
476.664368,1063.20874,0,210
404.995178,3559.13843,1,211
3655.74414,1013.88049,10,212
543.2543,4072.60522,1,213
569.961548,1011.48364,0,214
544.2594,1049.97314,0,215
551.8695,1129.74426,0,216
526.8152,4199.955,1,217
461.770538,4020.352,1,218
1022.45618,926.656433,0,219
567.546936,1189.0155,0,220
563.1699,1198.12415,0,221
512.367249,1097.57654,0,222
645.6953,1432.0968,0,223
578.2968,1405.05334,0,224
3676.38013,4366.004,11,225
3801.20581,1247.4447,10,226
3292.2063,1454.1947,10,227
546.2319,1215.2146,0,228
539.1324,1121.09973,0,229
614.9428,1113.95068,0,230
531.5901,1179.9873,0,231
469.6972,2921.756,1,232
486.303436,1321.95,0,233
498.060333,1180.36182,0,234
491.913757,919.5052,0,235
583.644,1037.4939,0,236
4259.98633,4753.146,11,237
459.767761,1091.3053,0,238
472.8046,1148.18176,0,239
556.322449,3978.72363,1,240
575.676453,1207.64136,0,241
3729.75635,1296.84131,10,242
489.902557,1205.64331,0,243
668.0004,1280.04321,0,244
568.7203,971.2958,0,245
4259.156,1385.972,10,246
3653.56519,1031.942,10,247
473.573669,4206.16553,1,248
518.03656,5032.911,1,249
543.313538,1036.9281,0,250
493.1195,4056.732,1,251
508.845917,1152.40344,0,252
615.5147,1280.33008,0,253
464.862732,1152.69507,0,254
589.58,1270.71606,0,255
547.283752,905.857849,0,256
530.3071,1024.21448,0,257
420.696228,3714.63,1,258
479.5692,4309.53467,1,259
581.818359,1263.98145,0,260
580.2211,1204.81689,0,261
544.625732,1304.20654,0,262
3510.875,1377.42908,10,263
408.891449,4111.39,1,264
623.5641,1430.16162,0,265
494.693542,1190.75391,0,266
3934.70874,1399.39392,10,267
519.048157,1193.67407,0,268
588.6877,4797.751,1,269
547.6438,1175.02832,0,270
4523.75439,1636.102,10,271
513.181335,4519.688,1,272
623.6818,1467.7417,0,273
587.0273,1382.763,0,274
568.659546,1258.90271,0,275
500.7028,1079.01917,0,276
671.964844,1445.14355,0,277
4437.99756,1498.73108,10,278
2817.932,906.915649,10,279
3830.66675,1130.47632,10,280
536.7136,963.86,0,281
614.705444,1047.52429,0,282
3827.06714,1249.1156,10,283
631.895569,1686.73145,0,284
4244.88525,1275.82019,10,285
496.500427,942.6972,0,286
447.1046,1164.77124,0,287
548.6407,1132.14307,0,288
622.001465,1411.25134,0,289
4109.1665,1247.53467,10,290
3056.048,1019.565,10,291
619.231262,1088.17676,0,292
414.4039,898.433655,0,293
510.7777,1124.65283,0,294
597.0693,1346.66345,0,295
3632.32275,1036.97388,10,296
3475.622,3874.889,11,297
602.4865,1301.16907,0,298
635.5489,1212.72314,0,299
609.527954,1378.54272,0,300
4409.69629,1521.63538,10,301
490.65152,3957.43213,1,302
492.248383,1187.469,0,303
535.758362,1262.58643,0,304
477.08252,918.4602,0,305
497.9865,1113.429,0,306
465.082916,3823.59131,1,307
513.003,1064.54321,0,308
529.3846,1197.27222,0,309
4061.30835,4760.008,11,310
578.5193,1192.11731,0,311
543.5067,4738.43066,1,312
557.8765,1162.175,0,313
559.6036,4713.22363,1,314
509.919739,1099.06921,0,315
555.992249,1356.61536,0,316
523.351746,1247.21094,0,317
544.531,997.6129,0,318
470.0421,3761.399,1,319
514.5119,1270.199,0,320
442.1594,1011.92218,0,321
675.9363,1181.47864,0,322
618.3805,1282.24121,0,323
477.7525,3964.507,1,324
548.9812,1120.24219,0,325
592.6403,1249.10986,0,326
623.2576,1400.71045,0,327
3935.87036,1128.88843,10,328
2971.85571,1007.96222,10,329
521.425537,1159.06677,0,330
3434.30542,4328.307,11,331
3591.19165,1122.80322,10,332
558.0777,1313.7926,0,333
4176.48926,1426.593,10,334
531.5798,1314.6792,0,335
565.2415,1100.589,0,336
508.3005,1114.88586,0,337
421.6559,3816.05884,1,338
584.6126,1315.58984,0,339
3626.09814,1064.25452,10,340
514.4758,1037.5011,0,341
612.2592,4726.41553,1,342
3691.4104,1288.28564,10,343
485.213928,1159.22327,0,344
502.727661,1259.37085,0,345
528.991943,1084.95557,0,346
3818.697,1339.71167,10,347
473.9369,4093.05933,1,348
3973.52,1176.43713,10,349
409.632629,3923.142,1,350
3616.78125,4293.255,11,351
3982.99414,4576.85254,11,352
493.093964,1055.82068,0,353
3770.73364,4062.902,11,354
628.4603,4667.337,1,355
4005.95752,1340.53418,10,356
3580.95483,1441.50635,10,357
3243.15137,1095.97827,10,358
3959.629,1113.95251,10,359
3940.81274,4582.0874,11,360
409.785583,4107.1626,1,361
433.9896,1120.27368,0,362
3529.85254,1342.5658,10,363
582.9346,1323.85217,0,364
3295.7334,4196.128,11,365
566.009033,1185.82178,0,366
591.7738,4948.75635,1,367
635.9304,1302.41223,0,368
3379.82983,1276.01624,10,369
508.8176,1326.83667,0,370
4540.25,1422.3385,10,371
702.399231,1367.29517,0,372
526.2335,1052.50879,0,373
559.0958,1248.95337,0,374
578.336243,1252.2428,0,375
558.808,1070.55908,0,376
515.6805,1145.34521,0,377
407.7076,3803.19482,1,378
657.4932,1235.16345,0,379
3758.99414,1187.91431,10,380
566.8733,1009.93677,0,381
3840.60156,1336.88538,10,382
491.542145,1169.26917,0,383
550.237,1059.929,0,384
3763.12183,1517.86926,10,385
3403.53125,3807.50781,11,386
562.5567,1301.85022,0,387
630.5289,1310.56677,0,388
526.538,1268.82666,0,389
572.1804,1473.02625,0,390
3275.91577,1173.50293,10,391
3474.253,1265.35669,10,392
588.706665,1198.89783,0,393
631.5866,1193.38953,0,394
548.2359,1200.26721,0,395
503.693359,1204.10962,0,396
684.3922,1434.93433,0,397
475.123718,1041.8761,0,398
551.1726,1474.59473,0,399
529.603638,1057.91,0,400
516.0505,1090.04443,0,401
568.0485,1124.82947,0,402
535.0986,1021.57544,0,403
553.0907,1296.35876,0,404
493.868744,958.40094,0,405
530.7069,1193.11353,0,406
601.5294,1003.12793,0,407
551.3431,1125.66687,0,408
608.009644,1286.145,0,409
392.811249,1120.3988,0,410
478.04953,3965.11523,1,411
529.809265,1128.28906,0,412
445.419434,4168.10742,1,413
483.8867,3993.76221,1,414
667.955566,1230.99463,0,415
647.556641,1447.005,0,416
490.477081,1079.51208,0,417
519.3274,1260.88782,0,418
492.783142,1197.76465,0,419
4325.0166,1607.08167,10,420
437.424,3857.03735,1,421
535.833069,1319.72266,0,422
526.0071,1224.221,0,423
553.4034,1293.77808,0,424
547.4011,989.3203,0,425
445.643982,4272.26563,1,426
4061.817,1342.50146,10,427
4108.607,1373.49451,10,428
4042.39038,1297.62939,10,429
3979.0437,1258.77686,10,430
511.511932,1088.83972,0,431
522.65155,1257.5769,0,432
588.5579,1458.31738,0,433
485.152283,1091.73328,0,434
495.969849,4344.348,1,435
3898.15625,1428.281,10,436
3956.57,1182.57764,10,437
512.2073,3991.18042,1,438
3990.02759,1338.52173,10,439
686.4,1121.12012,0,440
3682.17,1096.62463,10,441
3894.215,1137.81616,10,442
525.493347,4207.256,1,443
3910.542,1165.89685,10,444
599.369934,1168.40039,0,445
4017.41846,4446.804,11,446
487.7947,1177.63989,0,447
4053.92285,1348.82117,10,448
526.4215,1183.2771,0,449
2713.627,1053.379,10,450
639.19696,1464.24792,0,451
568.1585,1255.88489,0,452
4061.99854,1292.2439,10,453
4541.251,4895.59,11,454
4050.24561,1351.76782,10,455
483.4624,925.361633,0,456
463.555176,1268.04944,0,457
591.1074,1373.24121,0,458
3892.97217,1394.32983,10,459
550.651245,1043.728,0,460
3702.52,1114.01306,10,461
359.761475,3700.30371,1,462
3569.33374,1439.45117,10,463
632.2751,1449.764,0,464
474.5974,3956.325,1,465
466.842041,4121.223,1,466
486.970856,1244.012,0,467
461.8939,4567.63965,1,468
558.719543,4388.34473,1,469
3778.03564,1268.22815,10,470
562.732544,967.156555,0,471
523.4823,1150.81689,0,472
3738.85913,4163.41846,11,473
543.8809,1131.566,0,474
567.4116,1094.87939,0,475
4291.073,1583.07214,10,476
3589.103,1338.72937,10,477
533.7835,988.404663,0,478
625.4287,1337.17273,0,479
3601.43921,1190.07,10,480
558.002136,1089.4552,0,481
3811.81665,975.1799,10,482
596.778748,997.38,0,483
507.698059,1109.5968,0,484
556.34906,1230.5907,0,485
509.815216,1139.064,0,486
2718.66479,1095.34,10,487
489.393463,4104.34473,1,488
538.7705,1002.1283,0,489
497.684021,1156.70508,0,490
574.5306,1304.15515,0,491
573.291,4657.613,1,492
521.664,1202.3949,0,493
3858.97852,1383.44324,10,494
615.467,1347.55969,0,495
599.03064,864.113159,0,496
581.8766,1302.56738,0,497
606.3707,1187.791,0,498
536.796143,1062.31421,0,499
4472.96,1424.09644,10,500
613.06604,1078.76465,0,501
575.0878,1180.1427,0,502
4303.09863,1338.69312,10,503
560.2233,1196.009,0,504
592.438965,1262.395,0,505
505.985,1220.168,0,506
553.1758,4262.219,1,507
563.2777,1403.32446,0,508
575.0233,1117.59875,0,509
606.5537,1274.392,0,510
4536.56152,1470.54944,10,511
628.429749,4623.5083,1,512
616.861267,1156.26587,0,513
601.1415,1384.59741,0,514
3436.15723,1082.144,10,515
609.397644,1230.30029,0,516
480.9743,1087.69641,0,517
488.9136,1241.37061,0,518
613.5997,1405.789,0,519
567.29834,1491.51526,0,520
527.6457,1246.08618,0,521
3785.17334,1111.77612,10,522
3724.21143,1789.6394,10,523
3389.54028,4048.23584,11,524
3904.43848,1181.67822,10,525
471.1984,1174.51941,0,526
3758.491,1396.0127,10,527
4022.01758,1297.7561,10,528
4258.89258,5112.60449,11,529
723.3317,1378.79126,0,530
558.2446,1009.826,0,531
465.8728,960.096558,0,532
480.69754,912.0372,0,533
3837.0293,1195.28687,10,534
471.4105,3680.144,1,535
674.7727,1137.03955,0,536
3846.20166,1176.02625,10,537
577.1835,1294.65491,0,538
3476.25952,1100.299,10,539
469.529022,995.034363,0,540
3995.41235,1421.00171,10,541
680.1835,1364.87842,0,542
519.8199,4282.37646,1,543
482.097015,1135.3811,0,544
3605.55347,4489.87842,11,545
536.254333,1120.79688,0,546
4281.06543,1444.46423,10,547
516.5109,1165.31592,0,548
550.339966,1068.83154,0,549
620.3652,1151.33447,0,550
468.0883,1169.15771,0,551
3835.11255,1148.55078,10,552
506.838745,1132.65063,0,553
593.197,1252.53784,0,554
3782.25439,1304.85327,10,555
3657.22046,958.186768,10,556
4134.842,1265.8512,10,557
3756.121,1055.623,10,558
564.80304,4147.57471,1,559
514.0609,1216.92407,0,560
439.911224,4589.81055,1,561
561.8244,1177.08569,0,562
3517.54517,1255.71631,10,563
544.5414,3933.00146,1,564
3543.22314,4199.96875,11,565
566.0219,1324.04114,0,566
620.1431,1207.64465,0,567
3484.55273,959.554932,10,568
536.5625,1097.51428,0,569
589.0082,1206.2019,0,570
557.5315,1177.528,0,571
3616.293,1102.76282,10,572
3868.12573,1319.523,10,573
576.3824,1228.25879,0,574
493.5733,998.5313,0,575
466.855621,1103.17017,0,576
569.2036,1137.07813,0,577
560.852539,1293.15283,0,578
540.1113,4127.66,1,579
520.0709,1144.49963,0,580
3609.48413,1256.97693,10,581
517.9116,1268.51013,0,582
3763.103,4377.14844,11,583
573.2857,1197.45544,0,584
505.823639,1197.2478,0,585
577.189,1277.83093,0,586
562.50116,1079.97485,0,587
576.1982,1268.46057,0,588
546.902466,1071.63953,0,589
536.647949,1298.30139,0,590
515.727661,1101.993,0,591
505.226,1283.422,0,592
478.738464,3846.67334,1,593
3715.759,1064.04541,10,594
512.8647,1055.849,0,595
571.230469,1328.4552,0,596
527.682,1278.4679,0,597
578.0202,1132.8656,0,598
488.7948,1213.46692,0,599
532.5562,1158.52234,0,600
428.540527,3920.939,1,601
3734.45557,4613.069,11,602
3521.63647,1195.85852,10,603
547.632446,1191.82507,0,604
585.3327,1193.64673,0,605
579.1424,1177.76563,0,606
474.6068,4332.298,1,607
4028.23779,1403.68848,10,608
662.5757,1352.44189,0,609
542.7333,1076.64648,0,610
525.7959,1003.63824,0,611
3569.21631,4123.11475,11,612
467.145447,1109.45142,0,613
3862.06372,1159.102,10,614
382.494537,3958.94751,1,615
534.787,1235.33081,0,616
440.237457,1105.12085,0,617
539.160339,1065.883,0,618
3518.8396,3989.66919,11,619
514.1806,1037.45032,0,620
483.808258,1322.54639,0,621
545.1819,1297.76514,0,622
559.8999,1210.36487,0,623
4409.99561,1562.27087,10,624
478.43277,1125.25842,0,625
436.878326,860.6228,0,626
3650.58374,1244.86743,10,627
547.8787,920.221069,0,628
4298.76953,1519.1134,10,629
3679.65063,1232.14758,10,630
1768.02209,1025.45593,10,631
518.580444,1194.03088,0,632
3757.356,1319.41968,10,633
519.1325,1228.90881,0,634
3495.90918,1276.98218,10,635
4090.43677,1183.783,10,636
3440.749,1212.2229,10,637
492.501221,1222.90515,0,638
756.0356,1303.51611,0,639
470.8041,1292.82947,0,640
3917.52222,1153.65259,10,641
3537.99976,1094.83887,10,642
542.3012,1175.4043,0,643
3570.40356,1258.68164,10,644
579.4609,1265.47473,0,645
479.3242,1110.65125,0,646
544.7901,4056.48657,1,647
4127.57568,1286.6416,10,648
553.4941,1261.10022,0,649
468.1808,1115.492,0,650
412.767181,4535.558,1,651
714.8415,1413.13684,0,652
590.132935,1197.90356,0,653
585.8866,1254.21191,0,654
516.607361,1041.0542,0,655
3978.7876,4445.956,11,656
536.735046,1251.83411,0,657
565.7527,1251.20728,0,658
644.425232,1440.68738,0,659
474.564941,1023.18732,0,660
609.029968,1169.527,0,661
470.973236,4160.703,1,662
522.803162,1191.87048,0,663
516.865845,1140.53674,0,664
528.4112,1240.46936,0,665
571.389,1186.95374,0,666
422.899963,4397.18945,1,667
558.757446,1164.44214,0,668
4012.28979,1308.5415,10,669
530.6494,3903.525,1,670
530.0347,1036.6532,0,671
488.1232,4406.466,1,672
4340.351,1583.372,10,673
3787.27783,1285.39368,10,674
618.8746,1201.13525,0,675
561.99,1230.36365,0,676
543.9379,1255.55591,0,677
492.7174,1118.89832,0,678
3966.72534,1455.9823,10,679
3963.27222,1158.297,10,680
3687.02271,1174.56946,10,681
4138.90234,1396.21143,10,682
523.6807,1133.52185,0,683
594.1577,1172.9176,0,684
558.572266,1230.15955,0,685
566.9149,1240.45667,0,686
3871.89453,1391.619,10,687
457.7291,3966.96948,1,688
392.500122,4141.088,1,689
481.8127,1232.28784,0,690
592.343933,1160.48181,0,691
604.725,1393.14783,0,692
524.418762,1185.86157,0,693
588.2699,1190.65894,0,694
3327.12866,4090.99463,11,695
516.037537,1154.16809,0,696
546.4803,1040.01416,0,697
3651.12183,1268.22607,10,698
467.3543,1207.14136,0,699
446.589966,3971.836,1,700
505.946136,1100.80444,0,701
509.735229,1080.09314,0,702
677.022,1348.382,0,703
549.346069,1134.061,0,704
509.237885,3699.24854,1,705
3599.24414,1195.7561,10,706
547.004761,1198.59985,0,707
469.252441,3798.231,1,708
3758.049,1174.531,10,709
594.0604,1179.326,0,710
3657.84546,1168.11377,10,711
462.813751,1167.9,0,712
529.806335,1058.17529,0,713
575.1353,1396.84912,0,714
495.453461,1069.57434,0,715
476.0391,4434.355,1,716
3847.32666,1215.17432,10,717
4168.20654,1199.34375,10,718
3949.84863,1098.5199,10,719
559.6169,1278.91272,0,720
585.4063,1299.70557,0,721
529.3422,1143.28564,0,722
554.0517,1239.00061,0,723
3696.81982,4079.51538,11,724
571.090149,1377.036,0,725
508.680817,4491.623,1,726
504.843933,1009.06464,0,727
541.1218,1258.91516,0,728
534.416931,1221.2373,0,729
543.4999,1042.098,0,730
3899.04321,1257.873,10,731
502.358032,1045.86621,0,732
645.101563,1479.2135,0,733
510.223816,1198.39917,0,734
3932.70752,1314.9054,10,735
536.825867,1170.29871,0,736
413.873322,3958.89722,1,737
529.4833,1175.17554,0,738
597.6581,1149.39954,0,739
3810.045,1197.33911,10,740
558.6266,1254.40344,0,741
659.244141,1471.15259,0,742
4247.92236,1534.53259,10,743
547.0009,1070.54028,0,744
581.869263,1248.16724,0,745
473.788879,4403.15527,1,746
627.045349,996.6404,0,747
499.102936,1139.08789,0,748
630.7069,1299.87268,0,749
475.7801,4075.238,1,750
3716.40771,1071.62085,10,751
540.9185,1069.94409,0,752
565.283142,1047.98462,0,753
4374.40527,1653.766,10,754
632.9226,1353.20935,0,755
556.629456,1099.043,0,756
541.9207,1206.03979,0,757
465.831024,1227.53259,0,758
555.8129,1177.47,0,759
511.175385,1376.232,0,760
578.939,1120.59155,0,761
3574.984,1280.27454,10,762
471.2898,1186.54248,0,763
457.405945,4036.51758,1,764
497.665649,4024.77734,1,765
517.7272,1193.62793,0,766
588.2472,1331.57922,0,767
3967.871,1056.33691,10,768
559.3639,1158.80017,0,769
547.19574,1083.60962,0,770
567.5119,1283.12,0,771
572.636353,1123.73828,0,772
569.2921,1058.04419,0,773
3551.78833,1072.22546,10,774
3771.677,1411.76489,10,775
458.005,1167.77515,0,776
3917.00146,1151.56531,10,777
4040.6355,1273.0752,10,778
594.097351,1161.3313,0,779
583.6455,998.480347,0,780
602.9868,1292.18811,0,781
610.1915,982.1971,0,782
493.5431,3860.77148,1,783
4011.37329,4342.708,11,784
642.083069,1317.83569,0,785
4071.27075,1061.75085,10,786
696.3378,1153.81165,0,787
528.382141,986.9743,0,788
556.341064,1183.68518,0,789
486.052,1213.54321,0,790
583.323242,977.7898,0,791
691.9144,1678.47388,0,792
593.8045,1358.27136,0,793
540.768433,1226.20544,0,794
537.5084,1186.35168,0,795
575.8028,957.9857,0,796
472.985077,4329.793,1,797
3869.95215,1143.716,10,798
533.5324,1163.1637,0,799
3559.018,1253.63635,10,800
531.863647,1069.00647,0,801
539.967041,1132.00757,0,802
550.6906,1101.99854,0,803
487.580048,1169.33252,0,804
482.279572,4009.41113,1,805
3573.97437,1281.639,10,806
3936.82983,1389.85242,10,807
597.4421,920.2165,0,808
501.44046,1299.17993,0,809
589.2701,1255.69617,0,810
3680.18359,4170.153,11,811
3852.03,1352.789,10,812
563.2463,1141.13745,0,813
600.5042,1523.81885,0,814
569.052734,1180.94617,0,815
500.774628,4066.52124,1,816
3990.40845,1271.24121,10,817
382.59137,3905.48364,1,818
4024.53345,1264.3158,10,819
441.26947,4504.0376,1,820
552.219543,1203.48218,0,821
3810.1958,1244.97217,10,822
525.3733,1179.88037,0,823
3370.008,1140.12378,10,824
480.017639,3887.47632,1,825
4369.306,1471.14709,10,826
602.753052,1414.06165,0,827
481.3631,1092.72314,0,828
3590.91675,1167.79163,10,829
543.8272,1192.33618,0,830
529.642944,1147.61963,0,831
535.8489,1178.09216,0,832
539.810852,1031.836,0,833
534.3768,5198.94434,1,834
519.237,1132.51575,0,835
443.895172,4250.03174,1,836
3551.14624,1268.59631,10,837
550.817139,1149.11267,0,838
537.763,1089.00537,0,839
3986.34888,1595.65613,10,840
3943.67456,4213.67725,11,841
471.6531,4540.39258,1,842
3903.717,1099.25781,10,843
3567.34546,1120.07251,10,844
515.087952,1139.52075,0,845
512.819,1040.87781,0,846
3833.93286,1446.41516,10,847
492.192535,1073.79871,0,848
558.7736,1119.43774,0,849
551.6894,1159.58337,0,850
403.986023,826.9698,0,851
530.926,1236.69482,0,852
518.2314,1135.562,0,853
557.936462,958.2561,0,854
520.2885,1259.62158,0,855
4017.726,1252.28943,10,856
4080.942,1444.991,10,857
3628.93066,2848.26172,11,858
587.2819,1304.981,0,859
493.0465,1241.26111,0,860
535.6434,1093.31482,0,861
562.41394,1301.68738,0,862
3793.946,1355.256,10,863
490.672058,1153.98694,0,864
3768.89551,1226.61328,10,865
500.739258,4168.1123,1,866
511.226379,1180.68872,0,867
422.819336,4067.318,1,868
539.48175,1066.19861,0,869
612.02124,1297.21814,0,870
3550.93726,1231.49524,10,871
559.1088,1249.08337,0,872
512.3869,1039.63062,0,873
468.113159,1133.02869,0,874
3941.611,1109.86609,10,875
4010.311,4757.681,11,876
619.9926,4347.051,1,877
3249.74731,991.0391,10,878
660.0448,1363.952,0,879
3364.631,1030.32,10,880
523.50354,1148.6958,0,881
517.8398,1129.79907,0,882
3366.91113,1182.9397,10,883
2856.43481,1075.89124,10,884
3635.6416,1208.51184,10,885
3515.96069,1203.67725,10,886
3690.397,4151.38037,11,887
604.524048,985.9965,0,888
488.468445,4065.90063,1,889
4153.496,1385.72668,10,890
489.165,1175.51074,0,891
447.42984,1122.78174,0,892
561.5089,1054.58423,0,893
601.2974,1371.59363,0,894
543.988464,1269.00793,0,895
515.0753,1048.48608,0,896
458.86618,4077.3042,1,897
3624.405,1182.0271,10,898
628.8462,1409.806,0,899
584.9189,1265.90674,0,900
622.36145,1401.2937,0,901
661.1137,1171.07324,0,902
4188.561,1197.71606,10,903
515.7341,1051.45752,0,904
473.971161,1043.52576,0,905
730.6079,1315.97852,0,906
4328.305,1567.31531,10,907
517.886841,4594.591,1,908
508.5804,3660.02466,1,909
512.753845,1419.69324,0,910
505.0985,1247.37878,0,911
557.2579,1120.83948,0,912
563.7746,4102.28955,1,913
591.2765,1127.88672,0,914
559.565552,1064.22424,0,915
478.0421,1313.01367,0,916
460.099945,1190.76941,0,917
464.301239,1209.3219,0,918
3730.083,1137.61414,10,919
2562.71655,3016.37744,11,920
4174.00928,1475.59692,10,921
3338.29346,1068.90857,10,922
663.5158,1420.75513,0,923
518.8636,1157.93921,0,924
557.980652,4445.07373,1,925
4346.06836,1244.1084,10,926
3757.25439,1098.96606,10,927
3939.43872,1345.95435,10,928
610.2342,870.2969,0,929
522.0607,1186.58057,0,930
519.600647,1240.13074,0,931
525.7746,1094.98608,0,932
587.077759,1243.79541,0,933
451.282043,1115.77612,0,934
572.0267,1263.77588,0,935
2650.463,3814.00879,11,936
496.871338,1188.96277,0,937
426.301971,1190.7782,0,938
3840.71045,1492.44421,10,939
3999.103,1287.646,10,940
548.7346,1099.43921,0,941
3588.221,1321.92761,10,942
509.595917,1185.101,0,943
547.5109,1101.55286,0,944
3855.212,1224.60437,10,945
517.7982,1107.84656,0,946
4300.864,1090.408,10,947
469.247,4230.303,1,948
494.840363,1146.55359,0,949
438.233521,4070.88452,1,950
605.832764,1109.875,0,951
539.412231,1295.10217,0,952
599.434265,1328.74426,0,953
544.971,1354.82849,0,954
3680.92114,1281.06018,10,955
444.761963,3892.50415,1,956
650.6804,1565.54919,0,957
3937.091,1133.23242,10,958
546.234436,1386.56531,0,959
583.213257,1220.51367,0,960
412.069733,4058.36035,1,961
505.1141,1178.524,0,962
4375.93945,1592.32129,10,963
693.4115,835.760132,0,964
3910.83374,4390.581,11,965
544.74,1091.8042,0,966
571.2081,1484.49573,0,967
590.8284,1101.83362,0,968
503.484161,1205.5061,0,969
597.5632,1308.215,0,970
569.880859,1180.00647,0,971
579.8815,1328.46924,0,972
556.4044,1756.80579,0,973
386.490173,3266.50732,1,974
533.828247,1082.7395,0,975
2931.382,1527.35059,10,976
556.3925,1180.22253,0,977
520.378,4664.28467,1,978
4032.41943,1375.75549,10,979
489.91925,1026.32239,0,980
617.4991,1467.63477,0,981
555.307068,974.0274,0,982
3725.162,1189.998,10,983
572.0064,1294.39819,0,984
611.580444,1252.99182,0,985
4089.15771,4281.44873,11,986
545.863831,1208.598,0,987
507.529724,1130.8949,0,988
529.9668,1087.22253,0,989
491.4869,1170.595,0,990
543.0521,1335.51367,0,991
543.434448,1099.50708,0,992
506.793976,1111.05383,0,993
3784.96045,1426.49719,10,994
542.5026,1019.10638,0,995
546.639038,1450.799,0,996
461.3438,3866.98,1,997
3466.70752,1119.54944,10,998
4214.21826,1167.63574,10,999
559.5223,950.594055,0,1000
542.465332,4549.894,1,1001
3557.48169,1187.44861,10,1002
539.9416,1231.18469,0,1003
603.433838,1309.03381,0,1004
3507.278,4351.27,11,1005
532.8735,1252.23645,0,1006
3663.97021,4165.739,11,1007
3772.7085,1095.01428,10,1008
597.699341,1254.21387,0,1009
599.528,1213.60547,0,1010
525.257935,1075.44312,0,1011
565.6587,1047.73853,0,1012
479.7854,1058.98547,0,1013
560.3845,1215.34717,0,1014
3934.82935,1495.02539,10,1015
3977.21533,4698.05273,11,1016
431.427979,3833.87842,1,1017
624.71106,1210.07983,0,1018
4479.64844,1296.18921,10,1019
528.550659,1257.22876,0,1020
4146.69629,1344.69812,10,1021
527.978333,1193.95044,0,1022
707.811035,1401.76978,0,1023
668.301147,1314.50256,0,1024
525.8606,1137.09973,0,1025
564.730469,4737.14,1,1026
464.34613,912.106934,0,1027
467.9541,1031.75769,0,1028
4004.97852,1448.21179,10,1029
3847.81348,1273.32117,10,1030
595.292847,1297.837,0,1031
4041.45972,1365.96155,10,1032
496.315857,1231.64685,0,1033
570.4341,1156.63538,0,1034
604.1422,1141.18372,0,1035
531.2909,4210.50439,1,1036
499.963562,1125.7959,0,1037
501.19812,1207.46753,0,1038
463.651642,3644.53418,1,1039
3729.85962,1330.598,10,1040
491.454163,1067.86877,0,1041
547.5394,3458.61475,1,1042
403.5645,864.324341,0,1043
575.298645,1233.66724,0,1044
3450.24048,897.526733,10,1045
626.823,1392.83838,0,1046
610.86554,1303.03052,0,1047
3286.09058,3895.29028,11,1048
628.9018,1095.5885,0,1049
4349.237,4988.24854,11,1050
4458.52832,1578.19971,10,1051
521.3544,4794.51855,1,1052
574.9933,1196.10217,0,1053
545.015137,1381.65051,0,1054
569.2855,1092.79993,0,1055
539.45575,1262.31226,0,1056
507.049164,1287.15417,0,1057
552.6692,1129.1189,0,1058
531.3986,1209.989,0,1059
422.2117,4123.8667,1,1060
3306.51685,1332.39,10,1061
491.76947,1228.48865,0,1062
637.6543,4577.108,1,1063
4014.726,4428.43359,11,1064
440.4668,3926.86646,1,1065
525.7856,1079.12537,0,1066
574.5596,1177.23877,0,1067
3862.51978,1257.89282,10,1068
4005.14185,1631.69861,10,1069
617.895935,1321.38953,0,1070
449.117554,880.209167,0,1071
4094.182,1329.36072,10,1072
627.2629,1226.54834,0,1073
589.126038,1353.7572,0,1074
525.2467,1043.25525,0,1075
3451.76563,1077.97656,10,1076
3901.055,1103.19861,10,1077
3717.6,1036.97473,10,1078
443.3304,1038.65894,0,1079
3658.91016,1317.17859,10,1080
460.952148,3863.51123,1,1081
4218.70361,1255.66748,10,1082
579.3577,1031.462,0,1083
3698.46631,1095.444,10,1084
3996.535,1371.46448,10,1085
580.2432,1157.05,0,1086
421.8167,3917.30542,1,1087
3834.11377,1292.81177,10,1088
3984.7373,1296.53174,10,1089
592.4625,1384.87793,0,1090
4006.27417,1377.89612,10,1091
3603.7998,1227.45581,10,1092
3999.5564,1486.15393,10,1093
530.832153,1063.70764,0,1094
505.941254,1404.263,0,1095
603.563354,1145.64661,0,1096
2915.42529,1008.60016,10,1097
4011.9668,1176.72119,10,1098
4072.14429,1317.56,10,1099
563.1844,1173.39819,0,1100
537.6147,1295.03918,0,1101
571.4964,1123.44373,0,1102
539.556946,1248.90662,0,1103
524.000244,1106.60156,0,1104
4128.49756,1212.60059,10,1105
4405.21533,1539.76563,10,1106
575.0718,1506.89465,0,1107
3907.829,1249.98792,10,1108
511.616577,1225.36438,0,1109
483.387634,1139.57593,0,1110
3844.50171,1444.94934,10,1111
538.044434,1041.689,0,1112
636.532043,1401.793,0,1113
2881.49365,1205.36475,10,1114
3922.178,1217.48792,10,1115
624.043,1033.93188,0,1116
499.596436,1163.89282,0,1117
495.52124,1179.1875,0,1118
539.0066,1260.67188,0,1119
535.2687,1251.10339,0,1120
526.9266,1290.20972,0,1121
499.0043,1255.20728,0,1122
515.8178,1170.02209,0,1123
1821.71362,2791.92334,11,1124
3559.91821,997.9068,10,1125
618.6486,1277.79382,0,1126
595.956543,1279.57654,0,1127
3611.81982,1231.26318,10,1128
668.606,1044.9165,0,1129
691.6113,1351.55261,0,1130
481.886353,1101.79553,0,1131
418.857819,932.546753,0,1132
471.504852,951.884338,0,1133
480.031616,1142.33008,0,1134
4535.842,1473.82312,10,1135
583.9343,1176.82813,0,1136
3496.78979,1215.95972,10,1137
532.92395,1172.27039,0,1138
620.2995,1389.7915,0,1139
515.742859,1090.57263,0,1140
569.689941,1259.33521,0,1141
618.8824,1313.96667,0,1142
433.191223,4092.41431,1,1143
3588.15186,1159.63171,10,1144
3847.7395,1460.82532,10,1145
576.8479,1356.36768,0,1146
554.5369,1094.04822,0,1147
632.218445,1111.48853,0,1148
3667.98438,1343.34729,10,1149
446.707581,4404.54443,1,1150
3774.38232,1270.4248,10,1151
3842.67432,4549.785,11,1152
461.772339,1128.49182,0,1153
609.6484,1120.6886,0,1154
484.9638,4525.578,1,1155
520.7973,1124.56616,0,1156
3619.45923,1088.37085,10,1157
522.6148,1194.90393,0,1158
586.465332,1364.94983,0,1159
528.415039,1019.25964,0,1160
3941.823,1154.78613,10,1161
542.634155,1208.00317,0,1162
561.3797,921.300049,0,1163
478.870361,4455.036,1,1164
551.46106,1157.918,0,1165
537.9736,1198.18237,0,1166
3623.12524,1110.44324,10,1167
3553.28442,1402.76733,10,1168
3352.73853,1291.34,10,1169
473.225067,1085.61975,0,1170
4092.66943,1304.06934,10,1171
562.390564,998.0357,0,1172
472.1494,1249.64063,0,1173
3753.972,1196.89722,10,1174
521.3486,1166.31128,0,1175
552.4658,4352.18164,1,1176
3658.29834,1109.76331,10,1177
559.918152,1122.484,0,1178
539.1429,1192.31128,0,1179
3281.55151,1075.48218,10,1180
525.1164,1198.235,0,1181
3713.80127,1139.49219,10,1182
527.7888,1058.23315,0,1183
504.6915,1077.47534,0,1184
591.898132,1380.9325,0,1185
511.780334,956.345764,0,1186
534.7866,1221.40576,0,1187
526.3977,4223.161,1,1188
607.9966,1360.30273,0,1189
518.506,1339.41333,0,1190
4242.37744,1395.87683,10,1191
3663.68359,1151.57617,10,1192
3891.16528,1478.82239,10,1193
483.038971,4106.548,1,1194
4244.09229,1518.58154,10,1195
3451.98169,4006.762,11,1196
509.921936,1032.30432,0,1197
3943.24976,1316.37671,10,1198
579.6931,1041.22009,0,1199
460.323853,5017.4873,1,1200
3797.32617,1060.3595,10,1201
679.024,837.869263,0,1202
559.7791,943.7923,0,1203
490.014679,1102.24634,0,1204
587.6605,1220.74536,0,1205
4207.5,1329.39526,10,1206
3718.92578,1380.23657,10,1207
560.882935,1224.65637,0,1208
4141.1333,1246.88477,10,1209
3720.04858,1327.178,10,1210
559.7379,1139.39319,0,1211
591.777954,1126.64465,0,1212
567.760864,1115.56848,0,1213
555.427063,1168.03125,0,1214
4094.09619,982.311157,10,1215
648.8604,1259.602,0,1216
469.319427,4003.25781,1,1217
506.573761,1211.62756,0,1218
478.390137,3998.95752,1,1219
3661.353,1111.66565,10,1220
593.310059,1086.79236,0,1221
409.252472,3924.88232,1,1222
601.698,1243.192,0,1223
3922.84082,1251.781,10,1224
556.862732,1052.98694,0,1225
514.307434,874.6741,0,1226
3768.781,1203.463,10,1227
591.152832,1179.12292,0,1228
561.3051,1217.23145,0,1229
565.4469,1151.62939,0,1230
504.493225,4198.85254,1,1231
544.1994,1215.29407,0,1232
3748.026,1094.39648,10,1233
517.6631,1154.5282,0,1234
4353.151,4936.89355,11,1235
703.31366,1369.85522,0,1236
4232.59131,1340.57825,10,1237
564.272156,1293.35046,0,1238
4132.383,1337.47083,10,1239
516.514038,1090.248,0,1240
484.246124,4156.976,1,1241
551.500549,897.247253,0,1242
531.344849,1107.818,0,1243
557.2622,4597.57275,1,1244
642.498352,1109.57483,0,1245
506.512543,906.123169,0,1246
482.014282,4158.819,1,1247
538.2005,1261.28235,0,1248
391.833679,3669.2522,1,1249
495.983276,1177.809,0,1250
4036.10327,1250.92981,10,1251
559.383057,1199.285,0,1252
480.8544,1175.60022,0,1253
561.982666,1322.917,0,1254
576.1332,4452.665,1,1255
575.2353,1089.52966,0,1256
529.93634,1295.83423,0,1257
3979.62378,1337.4635,10,1258
491.799133,1274.38562,0,1259
567.5999,1268.27258,0,1260
502.115662,1180.1,0,1261
3628.41,4018.62646,11,1262
3901.09863,1477.70667,10,1263
577.6952,1264.939,0,1264
548.841431,1235.749,0,1265
557.973267,1130.30835,0,1266
3948.203,4253.67139,11,1267
700.2008,1443.6571,0,1268
3959.62036,1315.51379,10,1269
510.239,4497.0083,1,1270
442.3944,1006.38055,0,1271
531.7496,1187.9054,0,1272
3804.75122,1063.49414,10,1273
474.722168,4523.40771,1,1274
437.39743,4119.616,1,1275
588.404968,1180.656,0,1276
527.727661,1109.429,0,1277
530.0202,1269.50916,0,1278
597.5222,1206.50769,0,1279
3998.53979,1072.11462,10,1280
3785.88184,1341.52087,10,1281
585.18634,1324.39124,0,1282
627.4282,1264.29871,0,1283
425.81485,4460.95,1,1284
552.433167,1144.88831,0,1285
589.3505,960.6392,0,1286
444.1597,3810.964,1,1287
509.865784,887.92395,0,1288
3691.4563,1240.71875,10,1289
562.1832,1169.99146,0,1290
527.081543,1162.105,0,1291
3622.15527,988.709961,10,1292
453.675781,1174.64966,0,1293
4213.07227,1263.34521,10,1294
4136.343,1153.22144,10,1295
512.9735,1123.43225,0,1296
536.1007,1259.58862,0,1297
3903.738,1356.26453,10,1298
3636.05347,987.2597,10,1299
514.450867,1104.26721,0,1300
3942.659,1165.87219,10,1301
548.1717,1228.86914,0,1302
678.7089,1354.23853,0,1303
594.1759,1152.65747,0,1304
556.6196,1210.05212,0,1305
550.769043,1120.87732,0,1306
515.2339,1335.35889,0,1307
438.214264,1068.92383,0,1308
3664.30347,1148.26721,10,1309
542.352234,1113.74219,0,1310
559.003052,1157.82,0,1311
542.3549,1156.9353,0,1312
474.764282,3580.921,1,1313
3566.467,1185.45288,10,1314
524.497437,1122.8252,0,1315
526.9707,1011.93732,0,1316
3892.031,4504.30859,11,1317
557.4491,1039.61426,0,1318
573.4686,1105.66931,0,1319
3840.35229,1199.00769,10,1320
433.387482,4116.617,1,1321
3583.61426,4780.524,11,1322
487.794281,1144.59314,0,1323
565.424,1202.26,0,1324
496.331421,1088.4845,0,1325
613.482239,4220.50439,1,1326
3991.17334,1289.972,10,1327
3767.39282,1250.051,10,1328
3815.505,4260.70947,11,1329
537.9517,1186.27576,0,1330
3997.75513,1255.59766,10,1331
3761.785,4386.6665,11,1332
391.698517,3650.336,1,1333
3668.48315,4040.67114,11,1334
573.548,1082.33252,0,1335
3999.52539,1339.35583,10,1336
513.3428,4611.40967,1,1337
585.2842,1366.93372,0,1338
480.4631,1299.83557,0,1339
564.620239,1221.50134,0,1340
500.798676,1056.57007,0,1341
3385.3208,978.7418,10,1342
460.0791,1153.10254,0,1343
698.9838,955.3163,0,1344
2822.61,1167.22534,10,1345
538.744263,903.1608,0,1346
446.5613,1146.36047,0,1347
539.774,1388.96509,0,1348
3459.30859,1231.68945,10,1349
417.481232,1051.50842,0,1350
500.468567,1014.26526,0,1351
583.664734,919.906067,0,1352
507.5343,3755.464,1,1353
561.0279,945.0108,0,1354
549.4181,1196.9696,0,1355
516.6054,1089.04956,0,1356
567.168457,1214.28235,0,1357
3817.32642,1275.2406,10,1358
533.935669,1122.47278,0,1359
4239.25928,1507.25891,10,1360
559.8043,949.8354,0,1361
571.1221,1084.49353,0,1362
586.7546,1083.28784,0,1363
3598.84229,1141.01147,10,1364
3620.62036,1142.642,10,1365
473.5867,3901.021,1,1366
419.430145,1040.19177,0,1367
563.8863,1348.50354,0,1368
544.249268,1227.44763,0,1369
560.5053,1097.994,0,1370
570.8322,1105.08655,0,1371
4210.62,1688.45288,10,1372
571.159058,1272.6416,0,1373
4229.84229,4972.74951,11,1374
460.086273,1126.63123,0,1375
633.376953,1343.45776,0,1376
4190.167,1359.19141,10,1377
558.908264,1211.89087,0,1378
578.808655,1206.04822,0,1379
597.496155,1309.70007,0,1380
3860.78,1172.22058,10,1381
589.0031,1147.12122,0,1382
570.478943,1267.5603,0,1383
3805.07446,1207.90894,10,1384
689.1761,1222.31116,0,1385
562.5631,1103.30322,0,1386
581.813354,1095.30493,0,1387
558.5353,1204.64258,0,1388
628.715332,1251.10425,0,1389
467.659,4257.842,1,1390
3579.7688,1236.1825,10,1391
498.514923,4518.834,1,1392
3205.60669,3711.7915,11,1393
633.8442,1301.1532,0,1394
412.064758,3631.3855,1,1395
587.2196,1093.97278,0,1396
542.024841,3614.86426,1,1397
437.433441,1079.77161,0,1398
486.0434,4013.33813,1,1399
482.567261,1176.18909,0,1400
562.5165,1260.47974,0,1401
662.5763,1378.60474,0,1402
3572.30249,3904.47632,11,1403
491.4941,1158.37854,0,1404
642.929749,1111.39172,0,1405
508.398315,1272.97632,0,1406
479.381683,3534.17529,1,1407
512.2341,1036.39026,0,1408
483.855865,1152.1239,0,1409
519.729,1163.75928,0,1410
413.486755,3511.29248,1,1411
544.0837,1164.606,0,1412
670.822632,1326.96313,0,1413
482.3944,3855.56421,1,1414
3407.80786,968.0899,10,1415
520.311462,5101.072,1,1416
570.0157,1280.00793,0,1417
634.15,1430.54919,0,1418
626.5891,1233.85962,0,1419
3715.85059,1212.17615,10,1420
3623.0542,1194.23254,10,1421
3769.909,1221.43176,10,1422
582.5212,1124.32813,0,1423
607.3202,1373.50513,0,1424
3795.30884,1390.74121,10,1425
510.5967,1145.96753,0,1426
387.405334,4389.018,1,1427
474.2506,1145.328,0,1428
3288.771,1181.8772,10,1429
554.997559,1287.85254,0,1430
3703.15381,3679.08472,11,1431
4124.21338,1540.36841,10,1432
4194.81641,4692.945,11,1433
518.2802,1196.76245,0,1434
3482.63086,4017.75513,11,1435
4489.07373,1428.71179,10,1436
3968.86841,1520.21716,10,1437
3925.38477,1266.15381,10,1438
564.611267,1244.43127,0,1439
4037.348,1329.88843,10,1440
636.166443,1094.45447,0,1441
591.6823,1263.88538,0,1442
3902.15845,1223.78589,10,1443
616.671753,1221.93494,0,1444
410.424652,4143.76172,1,1445
3580.82446,1447.69849,10,1446
4040.16333,1127.41248,10,1447
509.825928,1414.25024,0,1448
3911.86963,1241.91333,10,1449
525.337036,1131.428,0,1450
514.634155,1413.093,0,1451
3478.56763,4059.394,11,1452
530.128967,1158.041,0,1453
643.74884,1574.14868,0,1454
599.0622,1238.63977,0,1455
531.9267,4285.372,1,1456
547.6933,1130.84949,0,1457
511.985,1074.79053,0,1458
561.5619,1176.03467,0,1459
611.246033,1337.72131,0,1460
3532.37646,1095.6615,10,1461
641.399048,1286.284,0,1462
556.568665,1148.46265,0,1463
3641.06152,1210.72046,10,1464
555.3615,1178.32471,0,1465
3249.61865,3949.136,11,1466
503.599335,1182.56372,0,1467
663.1597,1153.39673,0,1468
574.6325,1145.62354,0,1469
502.0596,1062.476,0,1470
635.2226,1098.93848,0,1471
587.168,1134.80957,0,1472
3987.75952,4116.861,11,1473
569.27,1253.98718,0,1474
516.175537,1288.73059,0,1475
633.6495,1604.957,0,1476
555.834045,1337.36121,0,1477
542.7787,1280.97278,0,1478
578.421143,1344.162,0,1479
424.498,3994.294,1,1480
492.684326,1080.88135,0,1481
517.0573,1170.445,0,1482
626.9064,1233.41968,0,1483
563.6675,4752.684,1,1484
583.7813,1229.72363,0,1485
561.4606,1021.50208,0,1486
3814.93872,907.357239,10,1487
536.1592,1304.0603,0,1488
562.561157,1185.22864,0,1489
565.239136,1361.93835,0,1490
555.230347,991.7838,0,1491
500.003418,1125.6355,0,1492
619.7113,1102.48328,0,1493
627.385,1270.6344,0,1494
3907.71777,1352.44312,10,1495
3678.61768,1127.95618,10,1496
4033.406,1259.05554,10,1497
485.465027,4510.33545,1,1498
475.521851,1129.509,0,1499
3729.921,1309.31189,10,1500
595.484,1400.85864,0,1501
3870.874,1198.72339,10,1502
584.051758,1392.8728,0,1503
509.782166,1310.84668,0,1504
518.8496,4510.566,1,1505
481.261536,1032.18945,0,1506
459.4342,1210.831,0,1507
3737.09082,1258.73767,10,1508
614.908142,1250.67224,0,1509
534.471252,1112.44849,0,1510
500.310883,1266.859,0,1511
551.0313,1302.2533,0,1512
3819.82935,1141.43311,10,1513
3713.96021,1146.90613,10,1514
558.1889,1280.46472,0,1515
506.759155,1200.77612,0,1516
581.54126,1474.206,0,1517
539.957153,1041.24292,0,1518
605.4172,1212.72229,0,1519
524.147339,1158.25391,0,1520
655.3496,1229.11548,0,1521
588.662537,1233.46521,0,1522
511.348022,1010.14734,0,1523
465.206757,1315.00732,0,1524
3705.70435,1153.25842,10,1525
525.630249,1248.377,0,1526
3842.87,1299.75818,10,1527
532.3697,985.23175,0,1528
3635.579,3982.78638,11,1529
2811.56738,872.838867,10,1530
532.3579,1115.46216,0,1531
4120.039,1260.06653,10,1532
3793.905,1311.84619,10,1533
843.8442,1367.95435,0,1534
550.9977,1180.86609,0,1535
536.193,1183.04553,0,1536
562.524048,1172.65149,0,1537
499.687378,1189.88611,0,1538
3592.83325,1230.82837,10,1539
572.386536,1294.98853,0,1540
488.364075,1204.00183,0,1541
3837.12524,1398.38635,10,1542
3822.0127,4460.646,11,1543
624.0734,1274.8457,0,1544
3662.07544,1246.73083,10,1545
578.778748,1190.7146,0,1546
554.594055,1141.16724,0,1547
526.0298,3840.285,1,1548
505.328735,4227.827,1,1549
3978.2793,1294.35657,10,1550
536.904968,1165.6438,0,1551
578.6848,1328.54419,0,1552
3705.78613,4520.78955,11,1553
3652.08374,1088.81335,10,1554
572.874451,990.275269,0,1555
3860.55,1230.63916,10,1556
549.811462,1133.60767,0,1557
478.467346,1087.86365,0,1558
3956.39722,1247.42163,10,1559
529.068,1060.85742,0,1560
3813.37,984.770142,10,1561
564.828552,1373.04834,0,1562
531.3216,1161.40027,0,1563
568.5463,1194.83789,0,1564
513.8562,1021.24786,0,1565
597.7815,1320.6228,0,1566
4186.623,1293.246,10,1567
368.018982,4026.23633,1,1568
491.879028,1371.01184,0,1569
518.759766,1092.60608,0,1570
556.924133,1228.79907,0,1571
467.6471,1172.306,0,1572
521.105347,1234.97034,0,1573
3667.776,1183.76978,10,1574
3869.763,1260.87341,10,1575
3479.458,1255.28088,10,1576
521.3959,1356.19934,0,1577
338.6335,4010.17041,1,1578
3836.9397,1169.58459,10,1579
3809.74976,4627.77832,11,1580
547.1711,4643.22461,1,1581
604.157,1328.89856,0,1582
588.4195,1365.50122,0,1583
557.567932,993.5868,0,1584
496.484436,898.7237,0,1585
510.0767,1220.77393,0,1586
481.144958,1102.57739,0,1587
4028.63721,1156.31531,10,1588
544.9159,1293.12354,0,1589
563.902649,1206.23328,0,1590
429.354034,994.178467,0,1591
508.277557,1147.466,0,1592
460.325165,4335.07227,1,1593
553.957764,4330.25244,1,1594
544.1141,1146.97937,0,1595
3710.19751,1193.80273,10,1596
4410.94336,1595.09,10,1597
526.625854,4987.14063,1,1598
4658.6084,1378.65417,10,1599
3760.349,1271.19861,10,1600
504.156769,981.792053,0,1601
530.604736,1179.79443,0,1602
3796.25757,1338.706,10,1603
722.741333,1347.88208,0,1604
585.5952,1267.46265,0,1605
416.747833,1181.70386,0,1606
572.0721,1331.67554,0,1607
554.6461,1262.56482,0,1608
447.4601,3771.37256,1,1609
3830.30664,1229.51038,10,1610
565.516846,1149.81885,0,1611
3680.27515,1163.09033,10,1612
540.7157,1267.63867,0,1613
430.6405,3867.42944,1,1614
4025.03467,1363.53137,10,1615
529.6088,1101.47168,0,1616
503.158478,1201.21021,0,1617
484.167877,4017.75122,1,1618
476.4326,880.6413,0,1619
543.2595,1279.0083,0,1620
3829.10767,1135.10156,10,1621
3410.63818,3901.88184,11,1622
559.109436,1180.45093,0,1623
3876.18018,1098.91492,10,1624
513.5054,1167.98621,0,1625
573.7544,1193.954,0,1626
592.813049,1191.55774,0,1627
539.9691,1029.02478,0,1628
577.3184,1258.35889,0,1629
465.6483,1069.97681,0,1630
399.84903,4013.4585,1,1631
562.677368,1267.627,0,1632
437.258057,3702.18335,1,1633
508.6263,1031.61951,0,1634
3434.89063,1246.88184,10,1635
638.7996,957.8098,0,1636
485.17688,1250.71643,0,1637
605.9665,1292.77124,0,1638
3832.3,1298.77478,10,1639
3712.94482,1190.33142,10,1640
3834.89258,1249.24609,10,1641
3730.19385,1211.105,10,1642
547.127869,1268.17175,0,1643
580.9621,1107.39465,0,1644
3949.39014,1321.21155,10,1645
589.357,1305.33752,0,1646
472.666779,4031.38257,1,1647
3543.24268,1263.01538,10,1648
3682.601,1096.29993,10,1649
520.44104,4274.9834,1,1650
662.0628,1261.20483,0,1651
3820.97144,1346.59644,10,1652
3456.444,4251.14746,11,1653
429.056274,3965.221,1,1654
494.359558,1163.57642,0,1655
3614.87451,3822.84839,11,1656
3859.15576,1019.14056,10,1657
561.7051,1147.25476,0,1658
3815.65015,1438.02991,10,1659
4217.602,1178.08533,10,1660
3848.73047,1265.432,10,1661
545.010742,1283.64844,0,1662
493.2765,4751.466,1,1663
523.843933,1208.61816,0,1664
578.645,1273.21777,0,1665
521.900452,1128.04749,0,1666
3755.06714,1311.53064,10,1667
525.8829,1170.00513,0,1668
536.5096,1188.12512,0,1669
3405.85864,1159.13184,10,1670
3699.94556,1460.30566,10,1671
581.3894,1352.67639,0,1672
562.690735,1196.88123,0,1673
3961.37817,4001.459,11,1674
580.066,1358.86462,0,1675
509.373016,1175.06958,0,1676
3572.31519,1074.554,10,1677
613.66925,1313.72107,0,1678
3583.06445,1149.52747,10,1679
3620.925,4299.425,11,1680
3766.69287,1317.58057,10,1681
4293.43164,4711.715,11,1682
453.995178,4513.7915,1,1683
4179.269,1290.45581,10,1684
530.5951,1036.147,0,1685
510.147,925.07074,0,1686
536.9224,1254.32983,0,1687
493.78183,1176.98535,0,1688
498.376648,1197.55383,0,1689
3023.409,1340.90723,10,1690
500.167419,1203.20642,0,1691
571.1719,1025.75171,0,1692
3655.84277,1105.93958,10,1693
4250.526,1531.386,10,1694
547.873352,1119.72729,0,1695
527.717041,1082.49573,0,1696
554.402,1311.511,0,1697
494.366364,1184.83289,0,1698
557.1994,1049.21838,0,1699
3875.57813,1158.60229,10,1700
564.2339,1133.68372,0,1701
4026.13428,1583.67236,10,1702
609.2723,1161.58752,0,1703
589.0484,993.3377,0,1704
529.338745,1223.3219,0,1705
549.1412,1188.79053,0,1706
4179.132,1423.01086,10,1707
613.4146,1417.87244,0,1708
3199.894,1121.09436,10,1709
558.0743,1202.84583,0,1710
4121.21436,1241.52332,10,1711
585.705566,1288.6167,0,1712
545.2339,968.4151,0,1713
503.0824,1179.10815,0,1714
797.7978,1413.89258,0,1715
3799.43433,1299.42151,10,1716
3601.72119,4261.522,11,1717
543.7214,4485.236,1,1718
3971.935,1301.8125,10,1719
4115.00342,1347.44751,10,1720
591.223,1498.137,0,1721
3598.4856,1336.24756,10,1722
493.288147,4239.10059,1,1723
3986.88916,1407.871,10,1724
531.6097,1358.58789,0,1725
417.656921,4261.209,1,1726
3861.48364,1375.87854,10,1727
3935.77,1197.41418,10,1728
574.962341,1139.9729,0,1729
479.877563,4304.39844,1,1730
3847.03027,4433.86963,11,1731
578.4842,1006.0249,0,1732
541.761047,1289.97449,0,1733
3623.68921,1264.59265,10,1734
3842.05371,1395.93591,10,1735
671.3276,1148.73877,0,1736
3479.2356,1253.29248,10,1737
2993.73926,1077.08276,10,1738
478.961426,1181.43066,0,1739
584.8795,1501.19617,0,1740
682.8491,1288.972,0,1741
3574.29761,1097.96033,10,1742
626.9401,1346.85168,0,1743
3346.142,1158.07019,10,1744
660.4498,1469.19788,0,1745
472.029144,1017.70673,0,1746
503.05188,1101.05786,0,1747
583.754944,1018.70734,0,1748
676.2985,1086.4375,0,1749
3868.86914,1279.73718,10,1750
588.544739,1094.16333,0,1751
567.2966,1242.094,0,1752
570.6629,1100.59338,0,1753
3954.68848,1349.62976,10,1754
511.738617,1190.90161,0,1755
479.6018,1184.51245,0,1756
3722.62427,1359.87158,10,1757
537.6786,1212.89014,0,1758
517.1639,1136.19556,0,1759
431.493134,4317.5415,1,1760
512.6253,1133.58728,0,1761
535.216248,1095.74475,0,1762
562.004,1240.02966,0,1763
538.722656,4262.63428,1,1764
540.9274,1342.70837,0,1765
506.972443,968.209656,0,1766
521.395447,1074.14856,0,1767
526.0415,1084.75574,0,1768
3299.96338,3758.165,11,1769
4182.53467,1482.23425,10,1770
526.709656,1091.58789,0,1771
525.385,3901.997,1,1772
483.85318,1227.539,0,1773
512.974854,1299.97864,0,1774
3849.41187,1024.68311,10,1775
574.5986,1225.71411,0,1776
460.273376,3550.50977,1,1777
583.9409,1236.89673,0,1778
403.0024,3865.14429,1,1779
544.050049,1092.90771,0,1780
4409.00049,1458.94763,10,1781
4400.611,1355.32483,10,1782
508.803741,1263.41357,0,1783
682.4408,1573.04077,0,1784
3662.06934,1086.18616,10,1785
512.500244,4453.137,1,1786
3940.36719,1473.25989,10,1787
3819.106,1268.40271,10,1788
3769.50928,1249.37378,10,1789
543.39,1119.07043,0,1790
4556.0957,1633.8927,10,1791
669.891,1217.7179,0,1792
497.3228,4647.584,1,1793
508.890869,1068.1864,0,1794
614.6806,1243.67224,0,1795
3583.484,1233.37012,10,1796
515.903,1133.0614,0,1797
514.0545,1247.51819,0,1798
3587.949,1171.07349,10,1799
566.4158,1209.337,0,1800
578.5147,892.0329,0,1801
455.12384,1203.7467,0,1802
3964.88232,1265.063,10,1803
599.7257,1271.679,0,1804
4310.058,1300.99438,10,1805
519.997437,1283.63818,0,1806
454.0567,1218.7887,0,1807
478.51062,1161.18542,0,1808
493.9796,3752.83984,1,1809
541.2254,1289.65588,0,1810
3785.13257,1020.03894,10,1811
494.4958,1222.36951,0,1812
631.2171,1055.37427,0,1813
3984.93726,1144.49585,10,1814
532.4555,1012.73346,0,1815
603.110657,1216.33,0,1816
3909.72144,1429.29028,10,1817
3524.93848,3853.73828,11,1818
635.738,845.1213,0,1819
552.312,1220.20239,0,1820
469.512451,4446.66455,1,1821
544.2067,1322.47388,0,1822
512.6358,1131.55835,0,1823
499.09613,1190.342,0,1824
3587.38184,1119.28955,10,1825
3603.33252,1290.98242,10,1826
489.998871,1109.02478,0,1827
536.057739,1184.02734,0,1828
494.352081,1149.69873,0,1829
3521.81177,1093.22339,10,1830
2980.56934,1321.78772,10,1831
603.4815,1183.89355,0,1832
476.313,1236.02576,0,1833
583.610657,1146.19922,0,1834
518.171631,1101.18323,0,1835
564.591858,1381.34363,0,1836
3377.67725,1119.13721,10,1837
512.4107,1251.93909,0,1838
627.842957,1284.90173,0,1839
547.51355,1102.59058,0,1840
3490.28516,1121.74768,10,1841
559.074646,1301.69958,0,1842
3332.23462,1285.23779,10,1843
4450.34473,1534.51489,10,1844
582.772,1309.039,0,1845
525.7853,995.9539,0,1846
542.882568,1181.74475,0,1847
643.8568,1342.029,0,1848
3835.38647,1090.10681,10,1849
3954.32153,1209.461,10,1850
3739.641,1261.2522,10,1851
3910.41553,1207.29651,10,1852
493.1011,1202.48645,0,1853
603.5751,1238.57544,0,1854
553.5866,1199.36975,0,1855
3979.95337,1259.17859,10,1856
531.233459,1160.1748,0,1857
582.605469,957.863037,0,1858
581.6888,1036.48584,0,1859
548.846558,1279.04871,0,1860
510.739655,1191.89441,0,1861
546.778259,1266.94214,0,1862
3602.44458,1209.55371,10,1863
527.5336,4081.05225,1,1864
531.6247,1049.9967,0,1865
507.6951,1150.5957,0,1866
3699.55273,1440.695,10,1867
635.6997,1145.99976,0,1868
4356.0415,1589.54663,10,1869
641.0168,1591.52332,0,1870
531.2901,1233.103,0,1871
3071.71851,929.676147,10,1872
547.6573,1193.93628,0,1873
487.691254,1027.052,0,1874
600.3305,1393.16638,0,1875
3516.34619,1188.16675,10,1876
647.4551,1317.28784,0,1877
470.596527,1185.25244,0,1878
511.6278,4020.86,1,1879
638.215,4373.73242,1,1880
3879.999,1312.96472,10,1881
3485.51685,3848.57983,11,1882
536.881653,1138.8407,0,1883
561.9666,1195.28589,0,1884
411.7403,949.156738,0,1885
482.552551,1072.1,0,1886
3865.34717,1209.29822,10,1887
558.7626,1101.41785,0,1888
435.711548,3964.082,1,1889
4202.723,1315.84045,10,1890
672.4077,1220.64429,0,1891
3293.707,1107.594,10,1892
4001.97729,1081.35352,10,1893
528.3667,1188.94177,0,1894
678.132141,1457.12122,0,1895
614.5555,1349.4657,0,1896
561.047,1300.19653,0,1897
570.0711,1184.88672,0,1898
482.5835,4860.755,1,1899
3810.87671,1110.4729,10,1900
510.282043,3855.26465,1,1901
3850.42749,1261.2406,10,1902
526.7369,1083.42871,0,1903
3768.16968,4444.507,11,1904
3941.00464,1098.34644,10,1905
515.8178,1100.21436,0,1906
515.4405,1115.72131,0,1907
587.937134,1424.99182,0,1908
524.902,1322.1521,0,1909
4014.93579,1223.76636,10,1910
590.6773,4560.19531,1,1911
526.210266,1259.1936,0,1912
620.378662,1319.73914,0,1913
533.3318,4302.03,1,1914
448.375458,932.835144,0,1915
4031.779,1493.17273,10,1916
3642.873,1235.73315,10,1917
497.18338,1162.98,0,1918
3484.50342,1262.53186,10,1919
3835.00464,4382.53857,11,1920
3999.736,1284.70288,10,1921
3796.7915,1313.425,10,1922
618.5123,1187.47546,0,1923
604.2522,1240.61462,0,1924
522.789246,1267.1123,0,1925
4060.403,1219.224,10,1926
3735.3103,1335.00415,10,1927
574.4992,1228.46313,0,1928
522.2706,1083.72217,0,1929
552.3566,907.3351,0,1930
3910.639,1335.31689,10,1931
562.0639,1255.63525,0,1932
4026.384,1156.66821,10,1933
486.314758,1169.40149,0,1934
491.18045,1182.92688,0,1935
536.1418,1084.42676,0,1936
558.320251,1166.85962,0,1937
520.3317,1038.1665,0,1938
3699.979,1197.00525,10,1939
513.5366,991.976868,0,1940
483.803284,1052.63452,0,1941
3999.4314,1263.41406,10,1942
485.426819,1225.031,0,1943
491.288757,1038.86157,0,1944
657.8836,1499.873,0,1945
527.5387,1309.38757,0,1946
3670.91333,985.748,10,1947
458.162567,1211.42407,0,1948
444.912323,4043.821,1,1949
4055.63623,1271.74548,10,1950
3564.826,4173.843,11,1951
3674.979,1315.32263,10,1952
492.6834,1203.32861,0,1953
504.9857,1132.24658,0,1954
518.036255,1051.08069,0,1955
537.9545,1194.21912,0,1956
565.3377,1194.447,0,1957
536.511169,1175.24341,0,1958
3600.93848,1269.734,10,1959
4132.49072,1227.20288,10,1960
2755.22437,1001.69519,10,1961
597.894,1394.54565,0,1962
517.592346,1117.08679,0,1963
453.718,4516.83545,1,1964
3906.72388,4179.94238,11,1965
3974.00952,1245.61072,10,1966
3485.265,1261.61951,10,1967
519.4243,1114.90918,0,1968
3445.74561,990.0564,10,1969
587.0505,1154.35364,0,1970
490.288,1171.22241,0,1971
536.3399,1355.60571,0,1972
507.914063,1205.501,0,1973
3664.993,1054.85681,10,1974
4063.07886,1279.94019,10,1975
3975.08228,1466.72791,10,1976
3653.64478,1340.54565,10,1977
4138.90137,1419.95959,10,1978
3452.27368,3907.47778,11,1979
554.171753,997.7077,0,1980
479.728119,931.235352,0,1981
511.676178,973.3852,0,1982
4119.06836,4662.323,11,1983
451.596527,1264.598,0,1984
630.429443,1085.90247,0,1985
3587.27881,1282.84583,10,1986
588.351135,1203.34778,0,1987
3844.84253,1336.19861,10,1988
423.043243,3906.961,1,1989
443.851227,1141.24719,0,1990
449.285156,3846.55957,1,1991
575.1108,1393.98975,0,1992
425.095673,1164.40454,0,1993
591.1389,1266.2157,0,1994
546.3848,1233.64722,0,1995
3280.94653,1015.13324,10,1996
3619.07544,1185.21289,10,1997
4067.11938,1308.70776,10,1998
633.309143,1450.013,0,1999
522.6263,1133.33362,0,2000
545.8134,1135.43262,0,2001
516.722,3837.57227,1,2002
3831.7124,1347.66772,10,2003
3949.878,4228.839,11,2004
487.6596,1089.32617,0,2005
528.917,1183.65686,0,2006
487.525879,1179.12146,0,2007
522.2888,1016.44366,0,2008
542.8969,1278.761,0,2009
3810.45142,1497.04675,10,2010
3727.95313,1173.198,10,2011
3769.9397,1063.8894,10,2012
551.6231,1067.14355,0,2013
461.304718,4228.71973,1,2014
537.7771,1126.62219,0,2015
516.904,1152.11719,0,2016
3639.819,1232.05054,10,2017
648.17,1283.00146,0,2018
515.1551,1212.49414,0,2019
3798.98071,1286.49524,10,2020
604.3235,984.2609,0,2021
575.465637,1241.80566,0,2022
516.8076,1191.84668,0,2023
595.8698,1388.65125,0,2024
609.8832,1170.34644,0,2025
364.974457,3919.16943,1,2026
537.828369,1158.71765,0,2027
447.317047,3872.42432,1,2028
504.0401,1168.09692,0,2029
3758.53369,1064.55579,10,2030
3763.05957,1294.11169,10,2031
621.353943,1081.84082,0,2032
574.194763,1190.13879,0,2033
3991.33423,1334.26807,10,2034
528.5083,1164.295,0,2035
513.168945,4219.55273,1,2036
559.164551,4762.24,1,2037
621.4588,1237.50134,0,2038
3873.63232,1251.75476,10,2039
4457.15332,1481.18872,10,2040
665.4944,1497.02783,0,2041
3777.97559,1357.79724,10,2042
569.264465,1116.24146,0,2043
3775.42578,1121.07678,10,2044
607.152832,985.1336,0,2045
491.722748,1231.42078,0,2046
528.1328,1151.06335,0,2047
394.8732,4093.35645,1,2048
546.3678,1137.28064,0,2049
3559.65942,1215.19543,10,2050
600.4081,1283.43665,0,2051
539.096863,1269.79114,0,2052
509.8121,1079.544,0,2053
3711.66,1200.74719,10,2054
441.472748,3651.656,1,2055
541.318848,1176.44922,0,2056
553.0887,1072.292,0,2057
638.6128,1352.71509,0,2058
454.033,3874.05518,1,2059
451.084656,1163.723,0,2060
484.703644,1189.30286,0,2061
3705.66772,1207.18433,10,2062
3616.777,4829.613,11,2063
3617.52881,1114.51648,10,2064
496.009644,4022.202,1,2065
602.77655,1214.062,0,2066
511.395142,1177.325,0,2067
551.2098,1001.1535,0,2068
577.8892,1311.52917,0,2069
3672.965,1123.37585,10,2070
559.223267,1209.582,0,2071
544.365356,1107.42517,0,2072
417.5649,1025.22473,0,2073
504.867584,1030.57715,0,2074
533.8762,1117.88623,0,2075
549.2166,1190.019,0,2076
519.6648,1238.22522,0,2077
4047.3,1609.4342,10,2078
3836.91528,1203.9762,10,2079
3667.66748,1361.74292,10,2080
531.2647,1179.588,0,2081
558.8908,1285.85852,0,2082
587.3854,1104.90161,0,2083
466.401672,4429.62646,1,2084
475.74295,1201.14319,0,2085
541.9475,1253.893,0,2086
542.955444,1259.1604,0,2087
502.720551,1169.87292,0,2088
545.325562,1170.54382,0,2089
3592.29858,4089.28369,11,2090
456.023834,1156.84424,0,2091
3840.26514,1187.57153,10,2092
534.772,1055.11621,0,2093
444.281677,3825.669,1,2094
577.597656,1257.24658,0,2095
3514.041,1130.94507,10,2096
532.284363,1076.90466,0,2097
3730.25122,1196.2218,10,2098
3998.18726,1246.68176,10,2099
3775.603,1339.19092,10,2100
569.9845,1093.81616,0,2101
548.402039,1007.65332,0,2102
487.770752,1205.31482,0,2103
3677.14722,1174.60522,10,2104
498.1402,1148.37512,0,2105
544.4393,3999.08936,1,2106
610.984558,1262.22974,0,2107
3669.34082,1014.47821,10,2108
522.646851,1188.08,0,2109
3889.11572,1271.0874,10,2110
498.5562,1157.34119,0,2111
474.088318,1171.37439,0,2112
558.9645,3799.23364,1,2113
478.480957,1019.81665,0,2114
550.2751,1235.699,0,2115
507.499359,1260.6521,0,2116
3655.9,1302.55347,10,2117
675.963745,1402.58972,0,2118
583.671936,1259.218,0,2119
551.706543,1032.11658,0,2120
515.3059,1148.65259,0,2121
612.698242,1259.13367,0,2122
505.201569,1278.21973,0,2123
4185.70459,1355.52551,10,2124
3918.83,4259.945,11,2125
553.635437,1155.48865,0,2126
674.047546,1343.69275,0,2127
511.257477,1205.036,0,2128
3830.13379,1326.85181,10,2129
550.050049,1126.21973,0,2130
412.282,3658.53125,1,2131
463.927673,4610.81543,1,2132
518.965759,1264.0614,0,2133
504.383942,1270.99744,0,2134
499.139038,3914.45581,1,2135
582.9995,1254.67615,0,2136
565.6282,1317.39331,0,2137
536.1466,1134.9845,0,2138
494.174225,1078.94543,0,2139
578.834351,1179.6095,0,2140
3641.642,1183.482,10,2141
550.961365,1317.68457,0,2142
523.1415,1045.39526,0,2143
3459.60669,4123.08057,11,2144
475.7549,1038.39709,0,2145
477.666321,1138.92017,0,2146
594.8989,1221.47656,0,2147
563.0957,1333.64136,0,2148
3418.15015,4026.29321,11,2149
479.08316,1207.08887,0,2150
473.0229,3915.45874,1,2151
580.5143,1178.16077,0,2152
538.5101,1114.06311,0,2153
3974.15479,1433.22717,10,2154
530.69104,1314.42737,0,2155
3782.39014,1245.34473,10,2156
455.56546,936.134338,0,2157
547.941162,1040.0166,0,2158
427.309326,992.452332,0,2159
620.275269,1276.80774,0,2160
390.869659,1117.987,0,2161
545.8143,1087.98535,0,2162
3657.724,1137.57324,10,2163
452.4823,4063.94043,1,2164
3727.09839,1058.52722,10,2165
521.9863,1062.1709,0,2166
526.0069,1070.33118,0,2167
424.5118,4141.36328,1,2168
3383.17065,1223.03967,10,2169
496.093475,1219.41626,0,2170
495.705322,1233.3064,0,2171
529.1387,1078.57129,0,2172
538.218933,1114.85779,0,2173
476.426453,1211.772,0,2174
3609.136,1237.919,10,2175
4238.533,4460.01367,11,2176
479.8545,1318.434,0,2177
3828.081,4138.246,11,2178
564.4829,4218.516,1,2179
519.173035,1271.55994,0,2180
520.8903,1152.0885,0,2181
3729.559,1077.18372,10,2182
4129.04541,1233.161,10,2183
3799.45386,1310.55347,10,2184
548.104,1213.3208,0,2185
639.959534,1141.4447,0,2186
3541.50269,1398.34143,10,2187
589.272949,1267.35327,0,2188
505.750061,1284.63245,0,2189
491.281647,1213.14941,0,2190
556.902649,1164.345,0,2191
4515.164,1229.65027,10,2192
3823.18384,1016.65051,10,2193
4238.36768,1385.84985,10,2194
490.1471,1172.66638,0,2195
608.821,1248.3302,0,2196
3767.77271,1181.396,10,2197
600.268738,1232.63269,0,2198
502.454468,1135.38232,0,2199
530.3939,1198.035,0,2200
3743.94482,1149.89331,10,2201
547.044556,1086.70776,0,2202
558.7493,1208.80261,0,2203
424.267944,3496.65967,1,2204
3831.479,1030.679,10,2205
556.477539,1169.26392,0,2206
512.0998,1225.855,0,2207
453.9656,4275.341,1,2208
3548.54761,4162.925,11,2209
564.940735,1222.23743,0,2210
550.9822,1265.84766,0,2211
615.3336,1294.45618,0,2212
3704.90869,1117.7135,10,2213
563.8837,1221.70532,0,2214
411.169373,3875.40063,1,2215
3940.00684,1190.95667,10,2216
479.142578,1177.61682,0,2217
460.369965,3967.99756,1,2218
526.074768,975.1784,0,2219
578.507568,1395.9563,0,2220
472.986023,1042.51,0,2221
553.480042,1058.80957,0,2222
484.333923,4108.17627,1,2223
573.0612,1255.401,0,2224
3849.229,1389.76221,10,2225
574.197266,888.4229,0,2226
560.910645,1047.91956,0,2227
565.315,1166.47961,0,2228
3811.619,1267.427,10,2229
3626.89258,4254.222,11,2230
3886.60083,1365.81726,10,2231
4005.38525,1453.77185,10,2232
516.921936,1119.42786,0,2233
3625.97339,4149.271,11,2234
3541.05615,1181.38184,10,2235
3768.74561,1234.10535,10,2236
3647.59888,1170.93176,10,2237
575.897644,1385.06519,0,2238
510.4099,1202.56909,0,2239
3726.44678,1115.03564,10,2240
571.13916,1354.61243,0,2241
4040.769,1038.483,10,2242
3627.98682,1162.95032,10,2243
3900.19019,1252.23767,10,2244
586.6704,1280.77942,0,2245
529.226,1005.50049,0,2246
3721.69434,1233.6687,10,2247
471.6437,4084.934,1,2248
482.198517,1156.59753,0,2249
498.824158,1033.47461,0,2250
431.341248,3694.13965,1,2251
4178.6084,1432.71,10,2252
561.1782,1299.11426,0,2253
466.894867,4421.668,1,2254
593.5995,1402.91919,0,2255
490.76004,1039.75513,0,2256
480.647736,1203.14746,0,2257
4048.624,1408.7688,10,2258
457.3334,1149.85168,0,2259
459.624451,1133.78442,0,2260
517.528931,4338.1167,1,2261
595.762,1196.41516,0,2262
477.623657,876.278931,0,2263
625.6856,1198.7959,0,2264
539.707336,1146.11926,0,2265
3670.93262,1077.512,10,2266
544.7243,1090.025,0,2267
498.011627,1242.04468,0,2268
463.359833,4012.561,1,2269
438.453827,1037.18018,0,2270
2943.27124,1231.14551,10,2271
519.1827,1199.25452,0,2272
568.1988,1253.57556,0,2273
4000.86987,1252.92554,10,2274
555.357849,1130.06079,0,2275
3829.88232,1130.62634,10,2276
553.251831,1109.865,0,2277
489.8942,1236.18958,0,2278
607.188538,1397.79578,0,2279
463.100616,4120.687,1,2280
3989.17261,1131.67175,10,2281
4239.616,1131.67444,10,2282
563.4762,1120.26587,0,2283
455.52298,4021.7312,1,2284
415.777863,4073.40625,1,2285
508.977142,3936.675,1,2286
3762.93677,1220.84,10,2287
508.940918,3968.15625,1,2288
3769.387,1276.50745,10,2289
548.994141,1167.96143,0,2290
457.065247,1179.78906,0,2291
3611.18042,1220.32764,10,2292
3748.835,1154.56262,10,2293
3818.19922,1232.392,10,2294
551.5422,1067.52271,0,2295
4036.71216,1059.0625,10,2296
3969.87036,1213.79028,10,2297
551.579834,1192.69214,0,2298
515.7256,1223.97119,0,2299
3983.65039,4499.228,11,2300
515.622131,3868.14453,1,2301
482.344879,1148.17,0,2302
558.000549,1182.95483,0,2303
3673.69019,1222.72351,10,2304
489.807,4297.931,1,2305
546.770142,1302.9209,0,2306
3835.03442,1203.765,10,2307
555.4927,1133.32642,0,2308
4265.603,1445.21094,10,2309
515.084656,1099.90784,0,2310
4018.31055,1232.89355,10,2311
443.6271,4045.68677,1,2312
580.601868,1408.90479,0,2313
3403.20337,4108.65137,11,2314
627.412,1028.69531,0,2315
3868.80542,1306.84045,10,2316
3450.3584,1438.5304,10,2317
4008.661,1318.12012,10,2318
3974.93481,4574.296,11,2319
3946.06323,1125.23926,10,2320
418.467468,4399.966,1,2321
3670.13965,1215.89429,10,2322
584.1232,1137.58069,0,2323
4310.11768,1604.31372,10,2324
3847.25049,4736.433,11,2325
572.2156,1013.21753,0,2326
548.088257,1152.15527,0,2327
566.220337,1108.90027,0,2328
564.4568,1209.11218,0,2329
3779.119,1117.07324,10,2330
535.391,1216.02759,0,2331
471.851776,1164.88171,0,2332
3870.881,1209.56287,10,2333
412.607819,3937.3606,1,2334
4019.53369,1430.06445,10,2335
570.4145,1122.80945,0,2336
470.366547,3690.60938,1,2337
611.091858,1152.26514,0,2338
581.07074,958.1417,0,2339
507.9405,1124.39709,0,2340
3897.27637,1096.10059,10,2341
506.456238,1078.062,0,2342
501.597015,3872.13281,1,2343
533.9326,1145.61084,0,2344
413.3746,3441.49927,1,2345
561.968262,1178.38831,0,2346
506.366974,4548.75439,1,2347
481.5561,4892.70166,1,2348
451.059326,4090.649,1,2349
595.510864,1255.08655,0,2350
519.1204,1132.82324,0,2351
421.5921,4206.923,1,2352
524.405457,1110.51318,0,2353
620.716431,1396.08936,0,2354
627.6649,1411.48328,0,2355
3746.81226,1189.49158,10,2356
483.264984,1422.79578,0,2357
493.703766,1142.67163,0,2358
504.634979,1406.86523,0,2359
513.265564,4456.13428,1,2360
3752.7063,1180.92554,10,2361
3907.301,1532.10083,10,2362
4040.305,1242.63879,10,2363
553.4455,1344.573,0,2364
3707.00024,1177.665,10,2365
612.4502,1102.77661,0,2366
4267.491,1520.8302,10,2367
557.2849,1135.073,0,2368
512.107849,1126.18481,0,2369
552.4654,4200.682,1,2370
542.9928,1159.20483,0,2371
4217.092,1513.84924,10,2372
579.412659,1201.90186,0,2373
3393.7583,3469.85083,11,2374
3768.125,1413.16162,10,2375
574.8332,1289.17,0,2376
625.0968,1277.99219,0,2377
723.743958,1033.25916,0,2378
597.743347,1194.30542,0,2379
576.0819,1348.27979,0,2380
550.1051,1445.88318,0,2381
598.32196,1171.12524,0,2382
460.130066,4261.52,1,2383
3971.61426,1279.26758,10,2384
584.11554,921.522339,0,2385
615.1671,1071.918,0,2386
460.2163,3816.31616,1,2387
4058.023,1560.72681,10,2388
4351.63965,4815.71338,11,2389
475.059,1191.54028,0,2390
3273.35962,1077.42432,10,2391
575.3905,1376.47144,0,2392
421.910736,4697.92,1,2393
555.510742,1261.07483,0,2394
477.518158,4664.3833,1,2395
3549.21851,4261.07031,11,2396
3498.64087,1323.92615,10,2397
603.792542,1311.876,0,2398
592.5975,1102.31567,0,2399
590.1017,1272.18127,0,2400
565.037231,1197.9425,0,2401
3571.174,1080.19971,10,2402
3675.5144,4493.979,11,2403
4292.342,1485.98083,10,2404
3615.57544,4069.0813,11,2405
469.11618,1151.50513,0,2406
448.651031,4234.684,1,2407
596.600159,1202.5116,0,2408
534.0938,1100.80432,0,2409
3524.619,897.884338,10,2410
524.4949,1490.824,0,2411
537.3733,1079.345,0,2412
646.915,968.7023,0,2413
3423.68652,1409.203,10,2414
2901.72729,1054.46375,10,2415
4023.16772,974.464966,10,2416
498.548828,1083.29773,0,2417
539.059753,1137.73828,0,2418
581.83075,1498.92285,0,2419
3792.819,1207.962,10,2420
3656.63525,1200.67468,10,2421
542.5335,1140.15381,0,2422
2324.51733,1073.16174,10,2423
3832.20264,1156.35486,10,2424
470.1499,1242.61646,0,2425
652.8461,1449.87927,0,2426
3544.71753,1252.854,10,2427
492.056427,1238.942,0,2428
3957.993,1071.67383,10,2429
559.0778,1157.21252,0,2430
3897.03027,1051.895,10,2431
560.350464,1222.85522,0,2432
616.61615,1251.83813,0,2433
3726.698,4158.539,11,2434
502.004578,1086.27063,0,2435
598.568848,1274.93677,0,2436
3830.15381,1050.06335,10,2437
548.2158,1199.331,0,2438
447.675781,1191.11865,0,2439
384.119568,3919.46118,1,2440
3726.70044,1297.05542,10,2441
3600.6626,1394.40088,10,2442
3724.30054,1131.5957,10,2443
526.314636,988.3194,0,2444
563.318237,1271.82214,0,2445
527.3865,1116.05139,0,2446
3824.07715,1385.67651,10,2447
537.0684,1275.75854,0,2448
491.473328,1125.05408,0,2449
3517.50952,1309.18616,10,2450
475.709473,1186.80017,0,2451
546.8819,1118.35132,0,2452
667.836731,1108.92639,0,2453
458.341858,4038.13159,1,2454
519.994,1131.99475,0,2455
544.5004,1217.27661,0,2456
515.9067,1165.97925,0,2457
3678.59424,4193.94775,11,2458
3871.13159,4196.932,11,2459
3581.266,1222.17944,10,2460
3850.71387,1186.70251,10,2461
525.842834,1166.978,0,2462
553.9132,3885.44751,1,2463
480.996368,1189.31848,0,2464
462.621948,1305.91528,0,2465
3924.93115,1263.852,10,2466
529.499634,1177.78015,0,2467
499.577545,1202.49292,0,2468
526.626831,1112.22351,0,2469
646.1806,1122.197,0,2470
452.946,1336.94128,0,2471
544.1378,1116.86108,0,2472
3646.837,1263.692,10,2473
473.609772,3827.43555,1,2474
496.1242,1069.3429,0,2475
548.564636,1210.13293,0,2476
576.4101,1376.80835,0,2477
552.0417,1258.16272,0,2478
666.594849,1374.20593,0,2479
498.973053,1176.13733,0,2480
446.500549,4209.568,1,2481
557.013733,1384.70825,0,2482
511.4085,1116.72693,0,2483
494.7636,1111.12817,0,2484
600.441,1543.64575,0,2485
519.730957,1095.25012,0,2486
4228.408,1449.18579,10,2487
588.0494,1204.36938,0,2488
516.271057,953.3989,0,2489
511.752441,1189.65186,0,2490
612.6362,1457.12524,0,2491
377.606049,4158.199,1,2492
480.922729,1235.27161,0,2493
522.478455,1102.545,0,2494
542.283936,1035.91357,0,2495
478.583923,4075.42432,1,2496
537.1058,1132.45288,0,2497
595.2593,1365.11707,0,2498
433.088776,3816.68652,1,2499
548.6282,1198.70483,0,2500
3621.34,1236.08142,10,2501
594.144653,1463.01758,0,2502
538.4486,1130.15356,0,2503
513.862732,1160.28284,0,2504
509.873657,1138.69849,0,2505
526.774353,1112.57117,0,2506
422.586365,4100.398,1,2507
3902.60522,1241.61877,10,2508
4055.7312,1387.96582,10,2509
633.49054,1409.30518,0,2510
535.3146,1096.32764,0,2511
565.4456,1051.499,0,2512
521.154846,1215.61865,0,2513
535.8927,1272.0199,0,2514
4200.994,1330.66284,10,2515
488.565369,1190.95984,0,2516
3537.66333,1110.30579,10,2517
489.4125,4455.5,1,2518
3444.21948,4003.24414,11,2519
506.784271,1288.6626,0,2520
558.908447,1486.30847,0,2521
564.303162,1196.94446,0,2522
531.814941,1236.93115,0,2523
510.5329,1086.83081,0,2524
497.289185,1110.114,0,2525
555.914,1165.17273,0,2526
602.395935,905.49176,0,2527
555.4178,1213.496,0,2528
670.503052,1401.94177,0,2529
522.845,1135.49927,0,2530
3671.90112,1270.30334,10,2531
495.828278,1096.40662,0,2532
4294.32568,1307.04834,10,2533
532.792053,1367.11328,0,2534
4437.99268,1602.6936,10,2535
453.684174,972.173462,0,2536
576.0573,1198.58484,0,2537
492.497437,1285.5686,0,2538
3593.94238,1296.08508,10,2539
544.7436,1063.2052,0,2540
622.488342,1237.38562,0,2541
3772.85815,3745.44849,11,2542
3516.124,3871.20361,11,2543
3596.15234,1061.79785,10,2544
638.995056,1174.5011,0,2545
631.3255,1225.25037,0,2546
528.2665,1112.50281,0,2547
3970.461,4571.06055,11,2548
573.549744,1224.95386,0,2549
560.9519,1185.848,0,2550
582.6951,1180.5708,0,2551
435.158325,3890.25732,1,2552
494.575623,1120.48083,0,2553
590.7868,1157.3811,0,2554
546.3039,1175.30408,0,2555
3996.66919,1335.58643,10,2556
633.71106,1286.30139,0,2557
558.6442,1211.50684,0,2558
581.1356,1047.71326,0,2559
3662.7085,4140.875,11,2560
3873.74878,1215.78308,10,2561
548.1765,1224.59155,0,2562
3715.81226,1204.54846,10,2563
502.615173,3714.53125,1,2564
552.275146,1285.65393,0,2565
544.735352,1216.79529,0,2566
544.604431,1117.99207,0,2567
566.133057,1277.27148,0,2568
543.702942,1216.71289,0,2569
584.8628,1172.78076,0,2570
405.738159,4010.95972,1,2571
3623.96436,1236.042,10,2572
503.708954,1306.02234,0,2573
546.5105,991.5664,0,2574
542.5079,1137.21545,0,2575
527.215759,1128.20618,0,2576
3815.39746,1286.49658,10,2577
528.657,1245.57263,0,2578
524.826355,1132.81946,0,2579
577.730164,1104.56067,0,2580
512.8139,1182.14709,0,2581
463.2566,3788.827,1,2582
510.272766,1176.49719,0,2583
3492.03027,3841.297,11,2584
448.0593,1022.64777,0,2585
4190.329,1516.02063,10,2586
481.966675,1028.65442,0,2587
3879.819,1429.26428,10,2588
505.857635,1228.41846,0,2589
497.592957,1110.13208,0,2590
3858.175,1237.58923,10,2591
648.1977,1318.60852,0,2592
662.5508,1281.91113,0,2593
587.413269,1238.92664,0,2594
3617.618,4357.78662,11,2595
642.2475,1260.16064,0,2596
516.4623,992.861755,0,2597
562.497253,1266.84509,0,2598
3411.69678,1342.20178,10,2599
503.27655,1136.07251,0,2600
389.862671,3956.9624,1,2601
669.8197,1375.68481,0,2602
500.127136,1145.28,0,2603
510.813416,1159.84436,0,2604
592.0432,1232.77527,0,2605
4378.32,1493.79944,10,2606
3714.37744,4133.09766,11,2607
531.9674,1307.642,0,2608
553.0672,1243.19812,0,2609
3713.36914,1044.63354,10,2610
3934.0813,1283.87854,10,2611
563.5781,1143.66528,0,2612
497.0161,1105.27576,0,2613
527.4064,1196.34045,0,2614
538.0937,1258.92737,0,2615
595.130737,1047.70715,0,2616
569.681152,1263.7915,0,2617
4178.55566,1428.08313,10,2618
500.086731,1166.05225,0,2619
578.3366,1088.84778,0,2620
4051.95386,4499.56836,11,2621
3675.44263,1172.11108,10,2622
466.6643,1204.11926,0,2623
3622.07178,1174.74255,10,2624
3504.98242,4183.96045,11,2625
3856.20874,1278.07715,10,2626
469.046478,4251.498,1,2627
555.8465,1331.08594,0,2628
542.523865,1333.52991,0,2629
3840.55835,1253.413,10,2630
439.272064,4127.32959,1,2631
519.0993,4306.34229,1,2632
567.192261,1271.44617,0,2633
634.1766,1305.21692,0,2634
484.654144,1121.3457,0,2635
479.88736,1211.33838,0,2636
587.040649,1547.16882,0,2637
3442.28613,1243.51489,10,2638
556.102356,1022.44757,0,2639
495.630524,1129.07153,0,2640
487.3827,3851.68823,1,2641
450.120667,1113.43591,0,2642
534.4992,953.4851,0,2643
533.5996,1113.946,0,2644
551.468445,1178.76746,0,2645
3658.70435,1396.04761,10,2646
551.4348,1070.3269,0,2647
3698.915,1361.60193,10,2648
609.420654,1197.77771,0,2649
579.315,1246.64221,0,2650
532.548035,1120.823,0,2651
487.6133,1083.80151,0,2652
572.7143,1310.64807,0,2653
475.152039,1205.49133,0,2654
567.0288,1109.13416,0,2655
488.3654,1249.79028,0,2656
517.3227,1151.3916,0,2657
480.1203,4122.20947,1,2658
564.791565,1304.85938,0,2659
500.240448,4378.49072,1,2660
532.6651,1334.80066,0,2661
482.2395,1114.50769,0,2662
557.6159,1280.57092,0,2663
4223.29541,1269.46265,10,2664
3510.24121,1144.15869,10,2665
3881.302,1201.209,10,2666
522.891541,1270.82959,0,2667
507.404572,1175.57263,0,2668
3806.327,1159.42834,10,2669
507.322876,1159.21326,0,2670
565.526062,973.3979,0,2671
624.2665,1206.67456,0,2672
517.2932,1264.37646,0,2673
479.902161,1349.57983,0,2674
3548.54565,1138.16748,10,2675
503.987427,1269.277,0,2676
4052.54956,1255.5127,10,2677
475.566681,1097.81311,0,2678
503.651825,1068.71484,0,2679
507.1316,1182.26648,0,2680
440.450653,1144.62427,0,2681
534.5585,1215.45862,0,2682
543.786865,1279.621,0,2683
4035.01123,1321.13757,10,2684
538.0495,1208.239,0,2685
453.3131,1260.58618,0,2686
379.4545,941.266052,0,2687
514.314453,1241.71521,0,2688
523.2347,3718.035,1,2689
519.395447,1136.33008,0,2690
3583.25366,4295.09766,11,2691
459.9547,3200.43433,1,2692
3881.20947,4020.35718,11,2693
530.4228,1109.11572,0,2694
431.002869,3904.18115,1,2695
424.4526,3809.10767,1,2696
2096.755,3468.111,11,2697
562.4943,1244.74023,0,2698
3790.95142,4259.288,11,2699
564.7195,1207.16138,0,2700
540.7099,1117.579,0,2701
506.991577,1150.90369,0,2702
537.863831,1254.16968,0,2703
555.6628,1158.55212,0,2704
544.8902,1110.73938,0,2705
3962.306,1209.09326,10,2706
609.2288,1060.93542,0,2707
517.4558,1118.85742,0,2708
449.04245,4012.43823,1,2709
501.954163,1055.28235,0,2710
563.6653,1300.28833,0,2711
4102.794,1185.71228,10,2712
539.4448,1022.70544,0,2713
538.8268,998.6538,0,2714
512.201538,1113.40015,0,2715
513.6124,1010.69977,0,2716
597.70636,5233.427,1,2717
3670.79834,1039.90051,10,2718
4047.04639,1566.97876,10,2719
459.1779,3882.735,1,2720
614.8753,1397.17163,0,2721
548.996338,1244.43445,0,2722
3781.38062,1338.63464,10,2723
507.784821,4403.767,1,2724
493.510773,4184.29736,1,2725
531.0801,1107.67078,0,2726
3891.6543,1081.455,10,2727
587.89,1196.14453,0,2728
4177.02344,1357.65686,10,2729
421.787445,4309.06738,1,2730
587.513,1211.905,0,2731
435.114441,4100.168,1,2732
510.8984,1390.8302,0,2733
504.346954,1124.35632,0,2734
644.465149,1195.25171,0,2735
523.697449,1213.74207,0,2736
508.3149,965.569763,0,2737
3476.92188,4051.41577,11,2738
3890.6145,1257.58679,10,2739
3584.957,1180.68909,10,2740
510.3679,1132.82471,0,2741
505.308319,1218.07422,0,2742
452.253845,1180.614,0,2743
404.784882,4088.55273,1,2744
582.234253,1269.76746,0,2745
3702.02515,1179.542,10,2746
519.8288,1153.22217,0,2747
566.74646,1444.58252,0,2748
585.0133,1130.09045,0,2749
592.0748,1330.441,0,2750
4363.435,1499.08008,10,2751
574.874,1287.96863,0,2752
503.4942,1119.681,0,2753
577.2527,1205.39587,0,2754
573.216248,1143.48828,0,2755
475.681,1153.306,0,2756
3930.76587,1433.72021,10,2757
487.455841,1026.1886,0,2758
3618.21045,1153.52979,10,2759
522.820557,1145.67444,0,2760
511.243164,1183.55212,0,2761
550.4979,916.0018,0,2762
598.0182,1195.34717,0,2763
635.8882,1345.5802,0,2764
603.3497,1349.04285,0,2765
534.7181,1179.56982,0,2766
3537.71826,1086.00928,10,2767
3650.83,1303.9873,10,2768
514.1451,1150.3324,0,2769
572.916748,1096.28992,0,2770
600.206,986.6468,0,2771
653.9654,1578.7793,0,2772
518.6837,1161.34314,0,2773
542.9193,1210.69666,0,2774
477.493225,1173.86584,0,2775
545.678162,1117.81421,0,2776
3717.16748,4458.99658,11,2777
472.455231,4099.491,1,2778
580.428345,1065.0376,0,2779
555.258545,1040.68921,0,2780
529.8637,1107.04468,0,2781
523.6901,1245.21411,0,2782
521.7445,1188.37122,0,2783
516.7892,1176.5686,0,2784
506.441956,1025.804,0,2785
469.2272,3999.496,1,2786
557.332458,4322.293,1,2787
615.38446,1437.68079,0,2788
522.322754,1237.76685,0,2789
730.814,1261.46,0,2790
506.767181,1161.7478,0,2791
595.2356,4674.454,1,2792
426.2326,4016.383,1,2793
408.442963,3975.50244,1,2794
556.5459,1136.69458,0,2795
522.3369,1095.09985,0,2796
546.6469,1099.33923,0,2797
583.467834,1222.40686,0,2798
4284.833,4778.00439,11,2799
563.6629,1475.56763,0,2800
529.761169,1166.49133,0,2801
509.563141,1098.0282,0,2802
3907.234,4397.14648,11,2803
574.4525,1267.72351,0,2804
567.351868,1052.312,0,2805
561.6086,1129.03821,0,2806
624.9809,1169.295,0,2807
3948.13135,1130.13647,10,2808
450.6888,1093.60767,0,2809
537.078857,1035.14136,0,2810
499.762421,1078.944,0,2811
523.2348,1044.07642,0,2812
500.81134,1164.70422,0,2813
548.6293,1051.78455,0,2814
3801.09058,1303.28662,10,2815
3904.43848,1352.45007,10,2816
3555.29321,1076.04663,10,2817
482.041046,1078.69,0,2818
564.618652,1246.06372,0,2819
514.643555,1133.14709,0,2820
528.4503,1233.63892,0,2821
3756.15137,1176.1394,10,2822
480.494141,1107.033,0,2823
497.9641,1109.68079,0,2824
3978.266,1341.96692,10,2825
529.0015,1169.76111,0,2826
489.5848,1187.52124,0,2827
509.722656,1180.08289,0,2828
3895.34,1200.724,10,2829
487.6083,1331.83838,0,2830
558.0825,1100.50586,0,2831
3615.61426,1284.679,10,2832
3701.29639,1236.15564,10,2833
563.361145,1255.38928,0,2834
3606.54272,1267.95984,10,2835
563.113831,1376.38879,0,2836
3766.21484,1259.49719,10,2837
509.68457,1069.04382,0,2838
542.4869,1035.89929,0,2839
3917.65918,1282.71228,10,2840
3614.93286,1176.43811,10,2841
501.524841,1075.49731,0,2842
3851.0083,1338.69739,10,2843
527.154968,1091.27722,0,2844
522.7368,1078.246,0,2845
497.380371,1135.35889,0,2846
2947.8938,1126.32568,10,2847
624.8654,1471.034,0,2848
667.1114,1369.86182,0,2849
3428.58325,3947.82275,11,2850
3798.01343,1117.07556,10,2851
573.2984,905.898,0,2852
3832.795,1433.74756,10,2853
408.304626,3982.85767,1,2854
3634.69727,1118.64429,10,2855
598.377747,1152.19531,0,2856
3931.68237,1267.3678,10,2857
3407.63354,1077.75061,10,2858
522.2231,1177.82532,0,2859
479.384216,1028.93628,0,2860
527.3234,1258.69531,0,2861
523.222046,1028.223,0,2862
3947.79688,909.6091,10,2863
558.1348,1189.683,0,2864
579.882,1288.8877,0,2865
550.9494,956.143555,0,2866
545.2305,1021.65405,0,2867
536.5502,1165.34851,0,2868
3866.74731,4077.72168,11,2869
425.594727,1131.08484,0,2870
532.699951,1121.8208,0,2871
523.913635,3990.31177,1,2872
554.4231,1172.045,0,2873
553.381348,1190.44922,0,2874
433.949615,4106.762,1,2875
491.831879,1250.48364,0,2876
588.844543,1239.65649,0,2877
583.9931,4297.444,1,2878
447.620544,3959.99438,1,2879
523.2233,1014.05225,0,2880
505.662476,1118.83081,0,2881
544.772034,1067.94373,0,2882
567.527,1091.75684,0,2883
513.9462,1282.91919,0,2884
3595.10767,1230.72852,10,2885
557.2012,1256.82788,0,2886
555.874146,1236.18494,0,2887
483.071442,1060.97827,0,2888
406.051361,4108.30273,1,2889
542.372131,1301.90186,0,2890
574.756531,1083.92834,0,2891
492.713318,3905.455,1,2892
498.6013,1143.50183,0,2893
413.5279,4191.012,1,2894
436.839752,4270.836,1,2895
381.179138,4038.47314,1,2896
3771.0293,2427.53345,11,2897
3782.93652,1198.34546,10,2898
541.9476,1231.61,0,2899
492.501373,4038.62964,1,2900
672.1585,1544.92627,0,2901
3355.451,1087.62134,10,2902
576.5088,943.9492,0,2903
3524.49365,3849.86719,11,2904
3572.375,1166.61621,10,2905
3436.944,1277.69019,10,2906
493.016327,1071.91748,0,2907
417.20755,3832.861,1,2908
466.442719,3750.45264,1,2909
546.7627,1108.16711,0,2910
496.666626,1035.1106,0,2911
545.658447,1035.34912,0,2912
554.983032,1244.71277,0,2913
549.8082,1137.37732,0,2914
377.4799,4174.031,1,2915
536.8775,1176.03552,0,2916
533.523865,1165.14429,0,2917
535.0928,1076.62842,0,2918
557.5982,1332.43054,0,2919
3468.91138,3778.22583,11,2920
496.2398,1112.7959,0,2921
422.124054,4359.17139,1,2922
460.5849,1129.28967,0,2923
591.5724,1365.22522,0,2924
530.667,1062.54272,0,2925
621.3723,1137.28906,0,2926
605.0538,1307.18274,0,2927
3933.57471,1215.68542,10,2928
562.9698,909.5479,0,2929
513.536,1120.05823,0,2930
596.5744,1305.64307,0,2931
3671.18628,1131.84692,10,2932
548.5034,1318.74976,0,2933
391.1566,4056.53442,1,2934
608.504333,1150.485,0,2935
489.69043,1188.77246,0,2936
565.277466,1221.064,0,2937
490.3605,1117.19873,0,2938
493.438354,4207.66,1,2939
3646.61377,1269.6051,10,2940
3584.68115,4167.432,11,2941
477.706055,1245.866,0,2942
575.7322,1058.36877,0,2943
398.839722,4194.443,1,2944
525.300354,1071.60242,0,2945
3835.36279,1258.94067,10,2946
3951.30713,1097.201,10,2947
3617.64453,1210.515,10,2948
504.434784,4627.434,1,2949
444.641449,4031.588,1,2950
3741.33423,1021.65936,10,2951
517.6362,1064.93481,0,2952
499.791718,1202.95654,0,2953
4231.7334,1232.0481,10,2954
501.0448,1129.83679,0,2955
508.5021,1132.71619,0,2956
555.681335,957.2502,0,2957
3533.80078,3984.267,11,2958
3863.56,1325.4613,10,2959
510.380951,1188.91479,0,2960
538.657654,1119.60107,0,2961
4028.5625,1104.12024,10,2962
3745.73047,1217.608,10,2963
484.0873,3969.05127,1,2964
502.867462,1194.86121,0,2965
3574.8728,1085.7041,10,2966
624.195435,1143.8894,0,2967
514.5921,1020.55444,0,2968
584.0591,1055.127,0,2969
439.4521,4224.65625,1,2970
3558.795,4063.77515,11,2971
547.128235,1316.12817,0,2972
540.4057,1137.20239,0,2973
641.065552,940.5547,0,2974
532.029236,1046.22168,0,2975
524.4932,1029.35608,0,2976
3759.793,1276.44385,10,2977
3858.89258,1290.97534,10,2978
579.8895,1185.27112,0,2979
4027.80273,1328.71509,10,2980
525.781067,1120.1676,0,2981
616.5376,1253.63635,0,2982
558.625549,1001.34595,0,2983
557.427734,1085.853,0,2984
521.934143,1258.41382,0,2985
606.478,980.097961,0,2986
3637.1626,1182.38013,10,2987
501.0364,1272.1178,0,2988
4023.56348,1314.98975,10,2989
4274.665,1410.13782,10,2990
443.892,3800.91577,1,2991
585.909546,1082.72864,0,2992
3538.82813,3922.50439,11,2993
428.41745,4115.21729,1,2994
473.028625,4131.829,1,2995
3902.132,1163.4082,10,2996
3345.23926,3696.05884,11,2997
3696.87573,1146.5791,10,2998
3599.29224,1201.87292,10,2999
544.467346,1008.86377,0,3000
551.7574,1029.38525,0,3001
3800.41772,1126.93958,10,3002
627.069153,897.546,0,3003
490.796021,1291.70215,0,3004
3710.44067,4474.028,11,3005
545.7666,1098.48877,0,3006
3647.77661,1272.07654,10,3007
584.4728,1234.78357,0,3008
3913.49072,1039.15356,10,3009
470.925873,1058.86523,0,3010
3618.45117,966.97345,10,3011
461.863129,4876.46826,1,3012
3851.72119,1254.99146,10,3013
538.7698,1129.974,0,3014
498.250336,1390.86108,0,3015
3552.66528,981.1608,10,3016
540,1086.54126,0,3017
532.0919,1124.64209,0,3018
449.639648,1075.36255,0,3019
2912.35986,1114.0968,10,3020
564.1507,1153.80835,0,3021
556.763245,1214.69226,0,3022
517.052368,1150.05469,0,3023
3997.69849,1164.82153,10,3024
460.051575,4278.166,1,3025
